create database Assignment
go

use Assignment



--CREATE ALL TABLE FIRST
create table [Garage]
(
	[garage id] nvarchar(10) primary key,
	[location] nvarchar(100),
)
create table Manager
(
	[manager id] nvarchar(10) primary key,
	[garage id] nvarchar(10)  references Garage([garage id]),
	[last name] nvarchar(20),
	[first name] nvarchar(20),
	[sex] nvarchar(7),
	[date of birth] Date
)
create table [Security]
(
	[security id] nvarchar(10) primary key,
	[manager id] nvarchar(10) references Manager([manager id]),
	[last name] nvarchar(20),
	[first name] nvarchar(20),
	[sex] nvarchar(7),
	[date of birth] date
)
create table [Block]
(
	[block id] nvarchar(10) primary key,
	[garage id] nvarchar(10) references Garage([garage id]),
	[security id] nvarchar(10) references [Security]([security id]),
	area float,
	[state] int
)
create table Engineer
(
	[engineer id] nvarchar(10) primary key,
	[manager id] nvarchar(10) references Manager([manager id]),
	[last name] nvarchar(20),
	[first name] nvarchar(20),
	[sex] nvarchar(10),
	[date of birth] date
)
create table Cashier
(
	[cashier id] nvarchar(10) primary key,
	[manager id] nvarchar(10) references Manager([manager id]),
	[last name] nvarchar(20),
	[first name] nvarchar(20),
	[sex] nvarchar(10),
	[date of birth] date
)

create table Vehicle
(
	[vehicle id] nvarchar(10) primary key,
	[manufacturer] nvarchar(40),
	[model] nvarchar(100),
)
create table Pricelist
(
	[typeid] nvarchar(10) primary key,
	[service] nvarchar(100),
	[price] float
)
create table Invoice
(
	[invoice id] nvarchar(10) primary key,
	[cashier id] nvarchar(10) references Cashier([cashier id]),
	[engineer id] nvarchar(10) references Engineer([engineer id]),
	[typeid] nvarchar(10) references Pricelist([typeid]),
	[vehicle id] nvarchar(10) references Vehicle([vehicle id]),
	[date] date
)
create table Ticket
(
	[ticket id] nvarchar(10) primary key,
	[cashier id] nvarchar(10) references Cashier([cashier id]),
	[block id] nvarchar(10) references Block([block id]),
	[entry date] date,
	[exit date] date,
	[vehicle id] nvarchar(10) references Vehicle([vehicle id])
)
create table Parking
(
	[vehicle id] nvarchar(10) references Vehicle([vehicle id]),
	[entry date] date,
	[block id] nvarchar(10) references [Block]([block id])
)

------------------------------------------------------------------------------------CONSTRAINT

alter table Manager
add constraint CK_Manager_Age check (year(getdate())-year([date of birth])>18)

alter table [Security]
add constraint CK_Security_Age check (year(getdate())-year([date of birth])>18)

alter table [Engineer]
add constraint CK_Engineer_Age check (year(getdate())-year([date of birth])>18)

alter table [Cashier]
add constraint CK_Cashier_Age check (year(getdate())-year([date of birth])>18)

alter table [Ticket]
add constraint CK_Ticket_date check ([entry date]<=[exit date])

go

--trigger
create trigger tr_parking_on on Parking
after insert
as
begin
	update [Block] set [state]=1 where [block id]=(select [block id] from inserted)
end
go

create trigger tr_parking_off on Parking
after delete
as
begin
	declare @blockid nvarchar(10)
	select @blockid=[block id] from deleted
	update [Block]
	set [state]=0 where [block id]=@blockid
end

go

--------------------------------------------------------------------Function
create function check_block(@blockid nvarchar(10))
returns int
as
begin
	declare @blockstate int
	select @blockstate=[state] from [Block] where  [block id]=@blockid
	return @blockstate
end

go

create function count_parking_garage(@garageid nvarchar(10))
returns int
as
begin
	declare @total int
	select @total=count(*) from Parking
	join Block on Parking.[block id]=Block.[block id]
	join Garage on Block.[garage id]=Garage.[garage id]
	where Garage.[garage id]=@garageid
	return @total
end

go

create function profit_a_day(@date date)
returns float
as
begin
	declare @profit float,@total_day int,@profit_invoice float
	
	select @total_day=DATEDIFF(DAY,[entry date],[exit date]) from Ticket where [exit date]=@date

	if @total_day is null
		set @total_day=0
	select @profit_invoice=sum(Pricelist.price) from Invoice
	join Pricelist on Invoice.typeid=Pricelist.typeid
	where date=@date

	set @profit=@profit_invoice+@total_day*2
	return @profit
end

go

--------------------------------------------------------------------Procedure

create procedure park
@manufacturor nvarchar(50),@model nvarchar(100),@blockid nvarchar(10)
as
begin
	declare @vehicleid nvarchar(10)
	select top 1 @vehicleid=[vehicle id] from Vehicle order by [vehicle id] desc
	set @vehicleid='V/'+convert(nvarchar(100),convert(int,SUBSTRING(@vehicleid,3,len(@vehicleid)-2))+1)
	if dbo.check_block(@blockid)=0
		begin
			insert into Vehicle values(@vehicleid,@manufacturor,@model)
			insert into Parking values(@vehicleid,GETDATE(),@blockid)
		end
	else
		print 'Already Placed,please change to another block.'
end

go

create procedure takecar
@vehicleid nvarchar(10)
as
begin
	declare @ticketid nvarchar(10),@cashierid nvarchar(10),@blockid nvarchar(10),@entrydate date

	select top 1 @cashierid=Cashier.[cashier id] from Parking
	join [Block] on Parking.[block id]=[Block].[block id]
	join Garage on [Block].[garage id]=Garage.[garage id]
	join Manager on Manager.[garage id]=Garage.[garage id]
	join Cashier on Manager.[manager id]=Cashier.[manager id]
	where Parking.[vehicle id]=@vehicleid

	select top 1 @ticketid=[ticket id] from Ticket order by [ticket id] desc

	set @ticketid='T/'+convert(nvarchar(100),convert(int,SUBSTRING(@ticketid,3,len(@ticketid)-2))+1)

	select @entrydate=[entry date],@blockid=[block id] from Parking where [vehicle id]=@vehicleid

	delete from Parking where [vehicle id]=@vehicleid

	insert into Ticket values(@ticketid,@cashierid,@blockid,@entrydate,GETDATE(),@vehicleid)
end

go

create procedure maintance
@manufacturor nvarchar(100),@model nvarchar(100),@typeid nvarchar(10),@garageid nvarchar(10)
as
begin
	declare @invoiceid nvarchar(10),@vehicleid nvarchar(10),@engineerid nvarchar(10),@cashierid nvarchar(10),@count int
	select top 1 @vehicleid=[vehicle id] from Vehicle order by [vehicle id] desc
	select top 1 @invoiceid=[invoice id] from Invoice order by [invoice id] desc

	set @vehicleid='V/'+convert(nvarchar(100),convert(int,SUBSTRING(@vehicleid,3,len(@vehicleid)-2))+1)
	set @invoiceid='I/'+convert(nvarchar(100),convert(int,SUBSTRING(@vehicleid,3,len(@vehicleid)-2))+1)

	select @engineerid=Invoice.[engineer id],@count=count(*) from Invoice 
	join Engineer on Invoice.[engineer id]=Engineer.[engineer id]
	where [manager id]=(select [manager id] from Manager where [garage id]=@garageid)
	group by Invoice.[engineer id]
	order by count(*)

	select top 1 @cashierid=[cashier id] from Cashier where [manager id]=(select [manager id] from Manager where [garage id]='G/000') order by [cashier id] desc

	insert into Vehicle values(@vehicleid,@manufacturor,@model)
	insert into Invoice values(@invoiceid,@cashierid,@engineerid,@typeid,@vehicleid,GETDATE())
end

go
--------------------------------------------------------------------INSERT DATA

--Garage
insert into Garage values('G/000','Amsterdam/Ohio')
insert into Garage values('G/001','Owatonna/Minnesota')
insert into Garage values('G/002','Archbold/Ohio')
insert into Garage values('G/003','Bloomington/Indiana')
insert into Garage values('G/004','Del Norte/Colorado')
insert into Garage values('G/005','Elkins/Texas')
insert into Garage values('G/006','Terre Haute/Indiana')
insert into Garage values('G/007','Wichita/Arkansas')
insert into Garage values('G/008','Owings Mills/Maryland')
insert into Garage values('G/009','Lynbrook/New York')

select * from Garage

--Manager
insert into Manager values('M/000','G/000','Stephenson','Bailey','male','1973-04-04')
insert into Manager values('M/001','G/001','Greer','Oren','female','1973-04-13')
insert into Manager values('M/002','G/002','Edwards','Sophia','female','1973-09-15')
insert into Manager values('M/003','G/003','Stone','Caleb','female','1975-10-27')
insert into Manager values('M/004','G/004','Hamilton','Denise','male','1977-02-18')
insert into Manager values('M/005','G/005','Moss','Noel','male','1978-12-02')
insert into Manager values('M/006','G/006','Yu','Cash','male','1981-06-27')
insert into Manager values('M/007','G/007','Stanley','Jae','female','1982-08-23')
insert into Manager values('M/008','G/008','Mejia','Hollyn','male','1982-10-06')
insert into Manager values('M/009','G/009','Keith','Joan','female','1984-09-18')

select * from Manager

--Security

insert into Security values('S/000','M/000','Tadić','Brajan','male','1950-03-22')
insert into Security values('S/001','M/000','Simmons','Gordon','male','1981-10-06')
insert into Security values('S/002','M/001','Canales','Carolina','female','1983-12-06')
insert into Security values('S/003','M/001','Baker','Amelia','female','1989-07-12')
insert into Security values('S/004','M/002','Guerin','Lotti','female','1949-06-01')
insert into Security values('S/005','M/002','Rađen','Georgije','male','1998-05-28')
insert into Security values('S/006','M/003','Collins','Rosemary','female','1989-06-08')
insert into Security values('S/007','M/003','Bélanger','Philip','male','1953-02-06')
insert into Security values('S/008','M/004','Gomes','Amaro','male','1997-03-20')
insert into Security values('S/009','M/004','Roberts','Lori','female','1987-10-27')
insert into Security values('S/010','M/005','Mills','Jill','female','1967-03-27')
insert into Security values('S/011','M/005','Salian','Jeet','male','1968-03-23')
insert into Security values('S/012','M/006','Heino','Venla','female','1968-03-21')
insert into Security values('S/013','M/006','Akman','Kerim','male','1957-09-03')
insert into Security values('S/014','M/007','Leclerc','Romain','male','1990-06-26')
insert into Security values('S/015','M/007','Pereira','Kátia','female','1993-06-16')
insert into Security values('S/016','M/008','Stiller','Nicolai','male','1998-01-24')
insert into Security values('S/017','M/008','Young','Phil','male','1998-06-02')
insert into Security values('S/018','M/009','Lucas','Matteo','male','1965-09-23')
insert into Security values('S/019','M/009','Botnen','Mohammed','male','1979-06-09')

select * from Security

--Block

insert into Block values('B/000','G/000','S/000','20',0)
insert into Block values('B/001','G/000','S/000','18',0)
insert into Block values('B/002','G/000','S/000','16',0)
insert into Block values('B/003','G/000','S/000','17',0)
insert into Block values('B/004','G/000','S/000','17',0)
insert into Block values('B/005','G/000','S/001','16',0)
insert into Block values('B/006','G/000','S/001','20',0)
insert into Block values('B/007','G/000','S/001','18',0)
insert into Block values('B/008','G/000','S/001','19',0)
insert into Block values('B/009','G/000','S/001','15',0)
insert into Block values('B/010','G/001','S/002','18',0)
insert into Block values('B/011','G/001','S/002','16',0)
insert into Block values('B/012','G/001','S/002','18',0)
insert into Block values('B/013','G/001','S/002','20',0)
insert into Block values('B/014','G/001','S/002','17',0)
insert into Block values('B/015','G/001','S/003','16',0)
insert into Block values('B/016','G/001','S/003','18',0)
insert into Block values('B/017','G/001','S/003','17',0)
insert into Block values('B/018','G/001','S/003','15',0)
insert into Block values('B/019','G/001','S/003','18',0)
insert into Block values('B/020','G/002','S/004','18',0)
insert into Block values('B/021','G/002','S/004','19',0)
insert into Block values('B/022','G/002','S/004','15',0)
insert into Block values('B/023','G/002','S/004','19',0)
insert into Block values('B/024','G/002','S/004','19',0)
insert into Block values('B/025','G/002','S/005','19',0)
insert into Block values('B/026','G/002','S/005','16',0)
insert into Block values('B/027','G/002','S/005','18',0)
insert into Block values('B/028','G/002','S/005','16',0)
insert into Block values('B/029','G/002','S/005','15',0)
insert into Block values('B/030','G/003','S/006','15',0)
insert into Block values('B/031','G/003','S/006','18',0)
insert into Block values('B/032','G/003','S/006','15',0)
insert into Block values('B/033','G/003','S/006','19',0)
insert into Block values('B/034','G/003','S/006','17',0)
insert into Block values('B/035','G/003','S/007','16',0)
insert into Block values('B/036','G/003','S/007','20',0)
insert into Block values('B/037','G/003','S/007','19',0)
insert into Block values('B/038','G/003','S/007','19',0)
insert into Block values('B/039','G/003','S/007','16',0)
insert into Block values('B/040','G/004','S/008','15',0)
insert into Block values('B/041','G/004','S/008','18',0)
insert into Block values('B/042','G/004','S/008','19',0)
insert into Block values('B/043','G/004','S/008','18',0)
insert into Block values('B/044','G/004','S/008','17',0)
insert into Block values('B/045','G/004','S/009','18',0)
insert into Block values('B/046','G/004','S/009','19',0)
insert into Block values('B/047','G/004','S/009','15',0)
insert into Block values('B/048','G/004','S/009','16',0)
insert into Block values('B/049','G/004','S/009','18',0)
insert into Block values('B/050','G/005','S/010','18',0)
insert into Block values('B/051','G/005','S/010','15',0)
insert into Block values('B/052','G/005','S/010','16',0)
insert into Block values('B/053','G/005','S/010','16',0)
insert into Block values('B/054','G/005','S/010','19',0)
insert into Block values('B/055','G/005','S/011','17',0)
insert into Block values('B/056','G/005','S/011','15',0)
insert into Block values('B/057','G/005','S/011','16',0)
insert into Block values('B/058','G/005','S/011','18',0)
insert into Block values('B/059','G/005','S/011','17',0)
insert into Block values('B/060','G/006','S/012','18',0)
insert into Block values('B/061','G/006','S/012','18',0)
insert into Block values('B/062','G/006','S/012','15',0)
insert into Block values('B/063','G/006','S/012','15',0)
insert into Block values('B/064','G/006','S/012','15',0)
insert into Block values('B/065','G/006','S/013','15',0)
insert into Block values('B/066','G/006','S/013','16',0)
insert into Block values('B/067','G/006','S/013','17',0)
insert into Block values('B/068','G/006','S/013','16',0)
insert into Block values('B/069','G/006','S/013','19',0)
insert into Block values('B/070','G/007','S/014','18',0)
insert into Block values('B/071','G/007','S/014','15',0)
insert into Block values('B/072','G/007','S/014','15',0)
insert into Block values('B/073','G/007','S/014','19',0)
insert into Block values('B/074','G/007','S/014','20',0)
insert into Block values('B/075','G/007','S/015','19',0)
insert into Block values('B/076','G/007','S/015','15',0)
insert into Block values('B/077','G/007','S/015','16',0)
insert into Block values('B/078','G/007','S/015','18',0)
insert into Block values('B/079','G/007','S/015','15',0)
insert into Block values('B/080','G/008','S/016','19',0)
insert into Block values('B/081','G/008','S/016','19',0)
insert into Block values('B/082','G/008','S/016','16',0)
insert into Block values('B/083','G/008','S/016','20',0)
insert into Block values('B/084','G/008','S/016','20',0)
insert into Block values('B/085','G/008','S/017','17',0)
insert into Block values('B/086','G/008','S/017','18',0)
insert into Block values('B/087','G/008','S/017','15',0)
insert into Block values('B/088','G/008','S/017','18',0)
insert into Block values('B/089','G/008','S/017','16',0)
insert into Block values('B/090','G/009','S/018','15',0)
insert into Block values('B/091','G/009','S/018','15',0)
insert into Block values('B/092','G/009','S/018','19',0)
insert into Block values('B/093','G/009','S/018','18',0)
insert into Block values('B/094','G/009','S/018','15',0)
insert into Block values('B/095','G/009','S/019','19',0)
insert into Block values('B/096','G/009','S/019','20',0)
insert into Block values('B/097','G/009','S/019','16',0)
insert into Block values('B/098','G/009','S/019','18',0)
insert into Block values('B/099','G/009','S/019','16',0)

select * from [Block]

--Engineering

insert into Engineer values('E/000','M/000','Svarnik','Zemislav','male','1993-11-13')
insert into Engineer values('E/001','M/000','Clarke','Kathleen','female','1947-12-07')
insert into Engineer values('E/002','M/001','Mortensen','Mikkel','male','1960-10-06')
insert into Engineer values('E/003','M/001','Shroff','Warinder','male','1985-04-26')
insert into Engineer values('E/004','M/002','Erkens','Seda','female','1959-11-14')
insert into Engineer values('E/005','M/002','Lévesque','Charlotte','female','1993-12-02')
insert into Engineer values('E/006','M/003','Walker','Ava','female','1993-07-25')
insert into Engineer values('E/007','M/003','Lefevre','Albane','female','1983-11-26')
insert into Engineer values('E/008','M/004','Voet','Inès','female','1965-07-14')
insert into Engineer values('E/009','M/004','Valli','Aada','female','1949-09-01')
insert into Engineer values('E/010','M/005','Mardhekar','Pavati','female','1970-05-22')
insert into Engineer values('E/011','M/005','Kumar','Marjolijn','female','1958-04-24')
insert into Engineer values('E/012','M/006','Eifler','Rosalia','female','1970-07-14')
insert into Engineer values('E/013','M/006','Bennett','Meghan','female','1993-10-10')
insert into Engineer values('E/014','M/007','Hall','Theodore','male','1989-10-08')
insert into Engineer values('E/015','M/007','Barbosa','Octaviano','male','1959-12-24')
insert into Engineer values('E/016','M/008','کامروا','مهدي','male','1961-07-07')
insert into Engineer values('E/017','M/008','Bhoja','Pranay','male','1995-06-19')
insert into Engineer values('E/018','M/009','Meyer','Jose','male','1956-08-21')
insert into Engineer values('E/019','M/009','Rojas','Daniel','male','1951-08-03')

select * from Engineer

--Cashier

insert into Cashier values('Ca/000','M/000','Perala','Eemil','male','1962-09-17')
insert into Cashier values('Ca/001','M/000','Madsen','Emilie','female','1954-04-17')
insert into Cashier values('Ca/002','M/001','Howard','Chester','male','1996-05-03')
insert into Cashier values('Ca/003','M/001','Verhees','Clara','female','1960-08-27')
insert into Cashier values('Ca/004','M/002','Giebel','Paolo','male','1980-01-14')
insert into Cashier values('Ca/005','M/002','Campbell','Matthew','male','1987-10-22')
insert into Cashier values('Ca/006','M/003','Novaes','Jocelei','female','1954-02-26')
insert into Cashier values('Ca/007','M/003','Girard','Angèle','female','1996-11-22')
insert into Cashier values('Ca/008','M/004','Köylüoğlu','Nurdan','female','1959-09-21')
insert into Cashier values('Ca/009','M/004','Elliott','Kathy','female','1986-04-30')
insert into Cashier values('Ca/010','M/005','Giménez','Emilio','male','1994-11-07')
insert into Cashier values('Ca/011','M/005','Holt','Alice','female','1977-01-12')
insert into Cashier values('Ca/012','M/006','Alvarez','Dale','male','1968-09-06')
insert into Cashier values('Ca/013','M/006','Dumont','Lorenzo','male','1992-12-08')
insert into Cashier values('Ca/014','M/007','Fabre','Faustine','female','1945-08-17')
insert into Cashier values('Ca/015','M/007','Strobel','Gotthard','male','1968-07-13')
insert into Cashier values('Ca/016','M/008','Çamdalı','Sedef','female','1970-07-05')
insert into Cashier values('Ca/017','M/008','Adams','Susanna','female','1944-11-03')
insert into Cashier values('Ca/018','M/009','Gallardo','Gabriel','male','1967-05-26')
insert into Cashier values('Ca/019','M/009','Clement','Toni','male','1985-10-15')

select * from Cashier

--Vehicle

insert into Vehicle values('V/000','MERCEDES-BENZ','CLS350')
insert into Vehicle values('V/001','BMW','335XI')
insert into Vehicle values('V/002','SUZUKI','C50 BOULEVARD')
insert into Vehicle values('V/003','MERCURY','MARAUDER')
insert into Vehicle values('V/004','KYMCO','MONGOOSE 90')
insert into Vehicle values('V/005','POLARIS','RZR 4 800 EPS LE')
insert into Vehicle values('V/006','PETERBILT','330')
insert into Vehicle values('V/007','RENAULT','KANGOO EXPRESS')
insert into Vehicle values('V/008','TRIUMPH','DAYTONA 675')
insert into Vehicle values('V/009','CHEVROLET','CLASSIC')
insert into Vehicle values('V/010','CHEVROLET','CAMARO')
insert into Vehicle values('V/011','AMERICAN IRONHORSE','OUTLAW')
insert into Vehicle values('V/012','CHRYSLER','VOYAGER')
insert into Vehicle values('V/013','KAWASAKI','JS750 SXI PRO')
insert into Vehicle values('V/014','HINO','FB1817')
insert into Vehicle values('V/015','YAMAHA','XVS1100A V STAR 1100 CLASSIC')
insert into Vehicle values('V/016','YAMAHA','XA1200A WAVERUNNER XLT1200')
insert into Vehicle values('V/017','UD','2000')
insert into Vehicle values('V/018','YAMAHA','YW50F ZUMA 50F')
insert into Vehicle values('V/019','HONDA','TRX500FPM FOURTRAX FOREMAN 4X4 W/ P')
insert into Vehicle values('V/020','FERRARI','550 MARANELLO')
insert into Vehicle values('V/021','CHEVROLET','SUBURBAN 1500')
insert into Vehicle values('V/022','SUBARU','IMPREZA')
insert into Vehicle values('V/023','POLARIS','800 RMK 155')
insert into Vehicle values('V/024','FREIGHTLINER','XC')
insert into Vehicle values('V/025','SKI-DOO','SKANDIC SWT ACE 900')
insert into Vehicle values('V/026','POLARIS','800 DRAGON SWTICHBACK')
insert into Vehicle values('V/027','GMC','YUKON')
insert into Vehicle values('V/028','ARCTIC CAT','Z 440')
insert into Vehicle values('V/029','FORD','THUNDERBIRD')
insert into Vehicle values('V/030','FORD','F-450 SUPER DUTY')
insert into Vehicle values('V/031','INDIAN','CHIEF DELUXE')
insert into Vehicle values('V/032','POLARIS','550 IQ LXT')
insert into Vehicle values('V/033','KIA','MAGENTIS')
insert into Vehicle values('V/034','ARCTIC CAT','BEARCAT 5000 XT GS')
insert into Vehicle values('V/035','SKI-DOO','GTX 600 LIMITED')
insert into Vehicle values('V/036','POLARIS','700 RMK')
insert into Vehicle values('V/037','CHEVROLET','EXPRESS 1500')
insert into Vehicle values('V/038','FORD','F-250')
insert into Vehicle values('V/039','JOHN DEERE','GATOR HPX 4X4')
insert into Vehicle values('V/040','YAMAHA','RX10M APEX MOUNTAIN')
insert into Vehicle values('V/041','HARLEY DAVIDSON','XL1200X FORTY-EIGHT')
insert into Vehicle values('V/042','ARCTIC CAT','F5 EFI LXR')
insert into Vehicle values('V/043','AUDI','TT QUATTRO')
insert into Vehicle values('V/044','KIA','SORENTO')
insert into Vehicle values('V/045','KENWORTH','T270')
insert into Vehicle values('V/046','CUB CADET','VOLUNTEER 4X2')
insert into Vehicle values('V/047','LINCOLN','NAVIGATOR')
insert into Vehicle values('V/048','HONDA','PILOT')
insert into Vehicle values('V/049','BMW','R1200C MONTAUK')
insert into Vehicle values('V/050','HINO','268A')
insert into Vehicle values('V/051','CADILLAC','ESCALADE')
insert into Vehicle values('V/052','HYOSUNG','ST7 DELUXE')
insert into Vehicle values('V/053','CAN-AM','DS 90')
insert into Vehicle values('V/054','MERCEDES-BENZ','SLK250')
insert into Vehicle values('V/055','APRILIA','TUONO 1000 R FACTORY')
insert into Vehicle values('V/056','HARLEY DAVIDSON','FLHTK ELECTRA GLIDE ULTRA LIMITED')
insert into Vehicle values('V/057','SKI-DOO','SUMMIT 550 FAN')
insert into Vehicle values('V/058','TRIUMPH','AMERICA')
insert into Vehicle values('V/059','YAMAHA','RS90R RS VECTOR ER')
insert into Vehicle values('V/060','SUZUKI','GSX1250FA')
insert into Vehicle values('V/061','FORD','FOCUS')
insert into Vehicle values('V/062','KAWASAKI','VN1600A VULCAN 1600 CLASSIC')
insert into Vehicle values('V/063','SKI-DOO','SUMMIT 800 HIGHMARK X')
insert into Vehicle values('V/064','FREIGHTLINER','CASCADIA')
insert into Vehicle values('V/065','HUMMER','H3')
insert into Vehicle values('V/066','POLARIS','800 DRAGON RMK 155')
insert into Vehicle values('V/067','MITSUBISHI','OUTLANDER')
insert into Vehicle values('V/068','KTM','450 SX-F')
insert into Vehicle values('V/069','MAZDA','B2500')
insert into Vehicle values('V/070','COUNTRY COACH MOTORHOME','ALLURE')
insert into Vehicle values('V/071','SUZUKI','SV650SA ABS')
insert into Vehicle values('V/072','SKI-DOO','GRAND TOURING SPORT 600 ACE')
insert into Vehicle values('V/073','MERCEDES-BENZ','CL550')
insert into Vehicle values('V/074','AUDI','TT')
insert into Vehicle values('V/075','MAZDA','B4000')
insert into Vehicle values('V/076','ARCTIC CAT','Z1 TURBO')
insert into Vehicle values('V/077','LEM','LX2 SPORT')
insert into Vehicle values('V/078','CADILLAC','ESCALADE ESV')
insert into Vehicle values('V/079','KIA','SPORTAGE')
insert into Vehicle values('V/080','KAWASAKI','KL250 SUPER SHERPA')
insert into Vehicle values('V/081','WORKHORSE','W42')
insert into Vehicle values('V/082','SEAT','ALTEA')
insert into Vehicle values('V/083','MERCEDES-BENZ','ML550')
insert into Vehicle values('V/084','PETERBILT','378')
insert into Vehicle values('V/085','MERCURY','GRAND MARQUIS')
insert into Vehicle values('V/086','E-TON','YUKON II CXL 150')
insert into Vehicle values('V/087','HONDA','ELEMENT')
insert into Vehicle values('V/088','FREIGHTLINER','SPRINTER 2500')
insert into Vehicle values('V/089','DUCATI','MONSTER S4')
insert into Vehicle values('V/090','POLARIS','SPORTSMAN 850 HO XP EPS')
insert into Vehicle values('V/091','KYMCO','XCITING 250')
insert into Vehicle values('V/092','TRIUMPH','TIGER 1050 ABS')
insert into Vehicle values('V/093','HONDA','VTX1800R')
insert into Vehicle values('V/094','VICTORY','15TH ANNIVERSARY CROSS COUNTRY TOUR')
insert into Vehicle values('V/095','SKI-DOO','RENEGADE 600 X')
insert into Vehicle values('V/096','TRIUMPH','THRUXTON')
insert into Vehicle values('V/097','HONDA','ACCORD')
insert into Vehicle values('V/098','JAGUAR','XJR')
insert into Vehicle values('V/099','HARLEY DAVIDSON','XL883N IRON 883')
insert into Vehicle values('V/100','HONDA','NSS250AS REFLEX SPORT ABS')
insert into Vehicle values('V/101','SUZUKI','SV650S')
insert into Vehicle values('V/102','DODGE','GRAND CARAVAN')
insert into Vehicle values('V/103','UD','1800CS')
insert into Vehicle values('V/104','HONDA','TRX400EX SPORTRAX')
insert into Vehicle values('V/105','POLARIS','RANGER DIESEL')
insert into Vehicle values('V/106','BLUE BIRD','TC2000')
insert into Vehicle values('V/107','YAMAHA','VX1800AK WAVERUNNER VXR')
insert into Vehicle values('V/108','MERCEDES-BENZ','CLS550')
insert into Vehicle values('V/109','DODGE','VIPER')
insert into Vehicle values('V/110','SUZUKI','LT-Z50 QUADSPORT')
insert into Vehicle values('V/111','YAMAHA','WR250X')
insert into Vehicle values('V/112','SKI-DOO','GRAND TOURING SE 4-TEC 1200')
insert into Vehicle values('V/113','TOYOTA','4RUNNER')
insert into Vehicle values('V/114','SUBARU','OUTBACK')
insert into Vehicle values('V/115','YAMAHA','YZ85')
insert into Vehicle values('V/116','YAMAHA','PW80')
insert into Vehicle values('V/117','YAMAHA','XT250')
insert into Vehicle values('V/118','HUSABERG','FE350')
insert into Vehicle values('V/119','PETERBILT','587')
insert into Vehicle values('V/120','INDIAN','CHIEF VINTAGE')
insert into Vehicle values('V/121','MINI','COOPER PACEMAN')
insert into Vehicle values('V/122','SUZUKI','LT-F250 OZARK')
insert into Vehicle values('V/123','POLARIS','SPORTSMAN WV850 HO')
insert into Vehicle values('V/124','SKI-DOO','RENEGADE BACKCOUNTRY X E-TEC 800R')
insert into Vehicle values('V/125','STERLING TRUCK','L8500')
insert into Vehicle values('V/126','YAMAHA','XVZ1300TFM ROYAL STAR MIDNIGHT VENT')
insert into Vehicle values('V/127','UD','1800HD')
insert into Vehicle values('V/128','HONDA','NSS250S REFLEX SPORT')
insert into Vehicle values('V/129','VOLKSWAGEN','TOUAREG')
insert into Vehicle values('V/130','SKI-DOO','MX Z TNT E-TEC 800R')
insert into Vehicle values('V/131','APRILIA','RSV MILLE R HAGA')
insert into Vehicle values('V/132','BMW','428I GRAN COUPE')
insert into Vehicle values('V/133','CAN-AM','OUTLANDER 650 EFI XT')
insert into Vehicle values('V/134','MERCURY','GRAND MARQUIS')
insert into Vehicle values('V/135','YAMAHA','FJR1300')
insert into Vehicle values('V/136','HYUNDAI','TIBURON')
insert into Vehicle values('V/137','HARLEY DAVIDSON','VRSCA V-ROD')
insert into Vehicle values('V/138','AUDI','A8 QUATTRO')
insert into Vehicle values('V/139','FORD','FIESTA')
insert into Vehicle values('V/140','SUZUKI','GSX1300R HAYABUSA LIMITED EDITION')
insert into Vehicle values('V/141','ARCTIC CAT','T500')
insert into Vehicle values('V/142','SUZUKI','SV1000/S')
insert into Vehicle values('V/143','AUDI','Q7')
insert into Vehicle values('V/144','BMW','K1200RS')
insert into Vehicle values('V/145','MASERATI','QUATTROPORTE')
insert into Vehicle values('V/146','YAMAHA','YZF-R6')
insert into Vehicle values('V/147','KIA','RIO5')
insert into Vehicle values('V/148','YAMAHA','XVS650A V STAR CLASSIC')
insert into Vehicle values('V/149','KYMCO','MONGOOSE 300')
insert into Vehicle values('V/150','CHEVROLET','SILVERADO 2500')
insert into Vehicle values('V/151','SKI-DOO','MX Z 600RS')
insert into Vehicle values('V/152','INFINITI','G37')
insert into Vehicle values('V/153','FORD','F-350 SUPER DUTY')
insert into Vehicle values('V/154','SUZUKI','DR-Z400')
insert into Vehicle values('V/155','SAAB','9-3X')
insert into Vehicle values('V/156','E-TON','BEAMER III')
insert into Vehicle values('V/157','BMW','650I')
insert into Vehicle values('V/158','MITSUBISHI FUSO','FH')
insert into Vehicle values('V/159','HUSABERG','FE650E')
insert into Vehicle values('V/160','POLARIS','700 RMK 151')
insert into Vehicle values('V/161','JAGUAR','XJR')
insert into Vehicle values('V/162','ARCTIC CAT','PROCROSS F 800 SNO PRO LIMITED')
insert into Vehicle values('V/163','ARGO','8X8 700 HD')
insert into Vehicle values('V/164','ARCTIC CAT','700 EFI H1 4X4 AUTO SE')
insert into Vehicle values('V/165','BIG DOG','PITBULL')
insert into Vehicle values('V/166','VOLVO','S80')
insert into Vehicle values('V/167','KAWASAKI','ZX636 NINJA ZX-6R')
insert into Vehicle values('V/168','BUELL','1125R')
insert into Vehicle values('V/169','POLARIS','120 PRO X')
insert into Vehicle values('V/170','SATURN','ION-2')
insert into Vehicle values('V/171','VICTORY','KINGPIN')
insert into Vehicle values('V/172','POLARIS','SPORTSMAN 500 HO')
insert into Vehicle values('V/173','DUCATI','STREETFIGHTER S')
insert into Vehicle values('V/174','PONTIAC','VIBE')
insert into Vehicle values('V/175','POLARIS','TRAIL RMK')
insert into Vehicle values('V/176','KIA','RONDO')
insert into Vehicle values('V/177','FORD','TRANSIT CONNECT')
insert into Vehicle values('V/178','HONDA','FIT')
insert into Vehicle values('V/179','SKI-DOO','MX Z 500 TRAIL')
insert into Vehicle values('V/180','ARCTIC CAT','AC 120 SNO PRO')
insert into Vehicle values('V/181','MOTO GUZZI','GRISO 1100')
insert into Vehicle values('V/182','MERCEDES-BENZ','ML63 AMG')
insert into Vehicle values('V/183','NISSAN','PATHFINDER')
insert into Vehicle values('V/184','KAWASAKI','VN800B VULCAN 800 CLASSIC')
insert into Vehicle values('V/185','KTM','125 SXS')
insert into Vehicle values('V/186','ACURA','MDX')
insert into Vehicle values('V/187','LAND ROVER','LR3')
insert into Vehicle values('V/188','AMERICAN IRONHORSE','STALKER')
insert into Vehicle values('V/189','KAWASAKI','KAF400 MULE 610 4X4')
insert into Vehicle values('V/190','HARLEY DAVIDSON','FLHX STREET GLIDE')
insert into Vehicle values('V/191','VOLVO','V70')
insert into Vehicle values('V/192','LEXUS','SC430')
insert into Vehicle values('V/193','SUZUKI','AN650A BURGMAN ABS')
insert into Vehicle values('V/194','ARCTIC CAT','FIRECAT 700 EFI R')
insert into Vehicle values('V/195','CHEVROLET','SILVERADO 1500')
insert into Vehicle values('V/196','VOLVO','S80')
insert into Vehicle values('V/197','KTM','990 ADVENTURE')
insert into Vehicle values('V/198','DODGE','GRAND CARAVAN')
insert into Vehicle values('V/199','VOLKSWAGEN','BEETLE CABRIO')
insert into Vehicle values('V/200','SUZUKI','VERONA')
insert into Vehicle values('V/201','HONDA','CRF150R')
insert into Vehicle values('V/202','YAMAHA','TTR125L')
insert into Vehicle values('V/203','YAMAHA','TTR250')
insert into Vehicle values('V/204','SUZUKI','C50C BOULEVARD')
insert into Vehicle values('V/205','INTERNATIONAL','9400I SBA')
insert into Vehicle values('V/206','HONDA','TRX90 SPORTRAX')
insert into Vehicle values('V/207','MITSUBISHI','OUTLANDER')
insert into Vehicle values('V/208','BMW','335I XDRIVE')
insert into Vehicle values('V/209','AUDI','Q3 QUATTRO')
insert into Vehicle values('V/210','MAZDA','TRIBUTE')
insert into Vehicle values('V/211','SUZUKI','LS650 SAVAGE')
insert into Vehicle values('V/212','VOLKSWAGEN','RABBIT')
insert into Vehicle values('V/213','HARLEY DAVIDSON','FXSTI SOFTAIL STANDARD')
insert into Vehicle values('V/214','BETA','450 RR')
insert into Vehicle values('V/215','DAEWOO','NUBIRA')
insert into Vehicle values('V/216','VICTORY','BOARDWALK')
insert into Vehicle values('V/217','FORD','E-350 ECONOLINE')
insert into Vehicle values('V/218','ARCTIC CAT','650 H1 4X4 AUTO')
insert into Vehicle values('V/219','MERCEDES-BENZ','CLK55 AMG')
insert into Vehicle values('V/220','HONDA','CRF230F')
insert into Vehicle values('V/221','NISSAN','MURANO')
insert into Vehicle values('V/222','PIERCE MFG. INC.','DASH')
insert into Vehicle values('V/223','MERCEDES-BENZ','SPRINTER')
insert into Vehicle values('V/224','TOYOTA','SOLARA')
insert into Vehicle values('V/225','KTM','250 XC')
insert into Vehicle values('V/226','KENWORTH','T600A')
insert into Vehicle values('V/227','FORD','F650')
insert into Vehicle values('V/228','ASTON MARTIN','DB9')
insert into Vehicle values('V/229','MERCEDES-BENZ','SPRINTER 3500')
insert into Vehicle values('V/230','TOYOTA','TUNDRA')
insert into Vehicle values('V/231','INTERNATIONAL','7300 SBA')
insert into Vehicle values('V/232','HARLEY DAVIDSON','VRSCB V-ROD')
insert into Vehicle values('V/233','YAMAHA','YZ250')
insert into Vehicle values('V/234','STERLING TRUCK','LT7500')
insert into Vehicle values('V/235','BMW','F650CS')
insert into Vehicle values('V/236','SKI-DOO','RENEGADE BACKCOUNTRY X E-TEC 600 HO')
insert into Vehicle values('V/237','ISUZU','ASCENDER')
insert into Vehicle values('V/238','AUDI','A3')
insert into Vehicle values('V/239','APRILIA','RSV MILLE R NERA')
insert into Vehicle values('V/240','BMW','525I')
insert into Vehicle values('V/241','HONDA','NSS250A REFLEX ABS')
insert into Vehicle values('V/242','BMW','750LI')
insert into Vehicle values('V/243','CHEVROLET','IMPALA')
insert into Vehicle values('V/244','HUSQVARNA','SM 630')
insert into Vehicle values('V/245','HONDA','NC700X DCT ABS')
insert into Vehicle values('V/246','KAWASAKI','KFX700')
insert into Vehicle values('V/247','INTERNATIONAL','9200I SBA')
insert into Vehicle values('V/248','HARLEY DAVIDSON','FXDWG DYNA WIDE GLIDE')
insert into Vehicle values('V/249','KTM','250 XCF-W')
insert into Vehicle values('V/250','ARCTIC CAT','M7 EFI 162')
insert into Vehicle values('V/251','POLARIS','SUPER SPORT X')
insert into Vehicle values('V/252','POLARIS','600 PRO X')
insert into Vehicle values('V/253','VOLKSWAGEN','SHARAN')
insert into Vehicle values('V/254','VOLKSWAGEN','LUPO')
insert into Vehicle values('V/255','KENWORTH','T800')
insert into Vehicle values('V/256','YAMAHA','WR250R')
insert into Vehicle values('V/257','KAWASAKI','ZX1000 NINJA 1000')
insert into Vehicle values('V/258','ARCTIC CAT','500 4X4 AUTO M4')
insert into Vehicle values('V/259','DUCATI','1098 R BAYLISS LE')
insert into Vehicle values('V/260','HINO','268')
insert into Vehicle values('V/261','HONDA','VT1300CRA STATELINE ABS')
insert into Vehicle values('V/262','FORD','F-350 SUPER DUTY')
insert into Vehicle values('V/263','SUZUKI','C50 BOULEVARD B.O.S.S.')
insert into Vehicle values('V/264','GMC','TERRAIN')
insert into Vehicle values('V/265','BOMBARDIER','DS650 X')
insert into Vehicle values('V/266','ISUZU','NRR')
insert into Vehicle values('V/267','HONDA','CIVIC')
insert into Vehicle values('V/268','JOHN DEERE','BUCK 500 EX')
insert into Vehicle values('V/269','KAWASAKI','Z1000')
insert into Vehicle values('V/270','PETERBILT','325')
insert into Vehicle values('V/271','TRIUMPH','TIGER 800 ABS')
insert into Vehicle values('V/272','YAMAHA','YFM450 GRIZZLY 4X4 AUTO')
insert into Vehicle values('V/273','ARCTIC CAT','Z 370')
insert into Vehicle values('V/274','COBRA','CX65')
insert into Vehicle values('V/275','KAWASAKI','VN1700 VULCAN 1700 VOYAGER ABS')
insert into Vehicle values('V/276','KIA','SOUL')
insert into Vehicle values('V/277','PONTIAC','G6')
insert into Vehicle values('V/278','ARCTIC CAT','PANTERA 800 EFI ESR')
insert into Vehicle values('V/279','SKI-DOO','SUMMIT 500 FAN')
insert into Vehicle values('V/280','ARCTIC CAT','MOUNTAIN CAT 600 EFI')
insert into Vehicle values('V/281','PIERCE MFG. INC.','DASH')
insert into Vehicle values('V/282','FREIGHTLINER','FC80')
insert into Vehicle values('V/283','SATURN','L SERIES')
insert into Vehicle values('V/284','MERCEDES-BENZ','CL65 AMG')
insert into Vehicle values('V/285','CHEVROLET','SILVERADO 3500 HD')
insert into Vehicle values('V/286','AUDI','A6')
insert into Vehicle values('V/287','PEUGEOT','PARTNER')
insert into Vehicle values('V/288','ARCTIC CAT','Z 370')
insert into Vehicle values('V/289','KAWASAKI','KLE650 VERSYS')
insert into Vehicle values('V/290','CHRYSLER','NEON')
insert into Vehicle values('V/291','HONDA','CRF110F')
insert into Vehicle values('V/292','SKI-DOO','GSX 600 SPORT')
insert into Vehicle values('V/293','SKI-DOO','GSX LE E-TEC 600 HO')
insert into Vehicle values('V/294','POLARIS','SPORTSMAN 800 EFI X2')
insert into Vehicle values('V/295','BMW','M5')
insert into Vehicle values('V/296','YAMAHA','XV1900CTS STRATOLINER S')
insert into Vehicle values('V/297','NISSAN','JUKE')
insert into Vehicle values('V/298','KAWASAKI','VN900B VULCAN 900 CLASSIC')
insert into Vehicle values('V/299','VOLVO','S40')
insert into Vehicle values('V/300','HONDA','NSS250A REFLEX ABS')
insert into Vehicle values('V/301','ARCTIC CAT','ZR 900')
insert into Vehicle values('V/302','HONDA','ELEMENT')
insert into Vehicle values('V/303','KTM','950 SUPERMOTO')
insert into Vehicle values('V/304','SKI-DOO','LEGEND 380 FAN')
insert into Vehicle values('V/305','MERCEDES-BENZ','GL63 AMG')
insert into Vehicle values('V/306','WORKHORSE','FASTRACK FT1261')
insert into Vehicle values('V/307','HARLEY DAVIDSON','FLHR ROAD KING')
insert into Vehicle values('V/308','POLARIS','SPORTSMAN 700')
insert into Vehicle values('V/309','POLARIS','FS IQ WIDETRACK')
insert into Vehicle values('V/310','KENWORTH','T600A')
insert into Vehicle values('V/311','SKI-DOO','SUMMIT 800 X 146')
insert into Vehicle values('V/312','SEAT','LEON')
insert into Vehicle values('V/313','FORD','F-350 SUPER DUTY')
insert into Vehicle values('V/314','MITSUBISHI','LANCER')
insert into Vehicle values('V/315','MACK','RD')
insert into Vehicle values('V/316','ARCTIC CAT','TZ1')
insert into Vehicle values('V/317','WESTERN RV','ALPINE')
insert into Vehicle values('V/318','FORD','F-550')
insert into Vehicle values('V/319','JEEP','TJ')
insert into Vehicle values('V/320','INFINITI','M45')
insert into Vehicle values('V/321','SUZUKI','LT-F160 QUADRUNNER')
insert into Vehicle values('V/322','BENTLEY','ARNAGE')
insert into Vehicle values('V/323','BMW','F650CS')
insert into Vehicle values('V/324','CHEVROLET','EXPRESS 1500')
insert into Vehicle values('V/325','ARCTIC CAT','700 XT')
insert into Vehicle values('V/326','HINO','238')
insert into Vehicle values('V/327','SKI-DOO','SUMMIT 600 ADRENALINE')
insert into Vehicle values('V/328','AUDI','Q3')
insert into Vehicle values('V/329','MERCEDES-BENZ','A180')
insert into Vehicle values('V/330','LINCOLN','MARK LT')
insert into Vehicle values('V/331','GMC','SIERRA 3500 HD')
insert into Vehicle values('V/332','TRIUMPH','BONNEVILLE STEVE MCQUEEN SE')
insert into Vehicle values('V/333','ARCTIC CAT','XF 6000 HIGH COUNTRY')
insert into Vehicle values('V/334','SUBARU','XV')
insert into Vehicle values('V/335','KAWASAKI','KX85')
insert into Vehicle values('V/336','HONDA','CRF250L')
insert into Vehicle values('V/337','SATURN','L SERIES')
insert into Vehicle values('V/338','POLARIS','800 TOURING')
insert into Vehicle values('V/339','MERCEDES-BENZ','B250')
insert into Vehicle values('V/340','HONDA','TRX500FPA FOURTRAX FOREMAN 4X4 AT W')
insert into Vehicle values('V/341','JEEP','PATRIOT')
insert into Vehicle values('V/342','KIA','RIO')
insert into Vehicle values('V/343','KENWORTH','W900')
insert into Vehicle values('V/344','CHEVROLET','TRAVERSE')
insert into Vehicle values('V/345','PETERBILT','325')
insert into Vehicle values('V/346','NISSAN','QUEST')
insert into Vehicle values('V/347','CADILLAC','DTS')
insert into Vehicle values('V/348','LOTUS','EVORA')
insert into Vehicle values('V/349','DODGE','RAM 2500')
insert into Vehicle values('V/350','VOLVO','XC70')
insert into Vehicle values('V/351','YAMAHA','VX1100C WAVERUNNER VX SPORT')
insert into Vehicle values('V/352','HONDA','TRX300EX SPORTRAX')
insert into Vehicle values('V/353','NISSAN','X-TRAIL')
insert into Vehicle values('V/354','FORD','EXPLORER SPORT TRAC')
insert into Vehicle values('V/355','NISSAN','LEAF')
insert into Vehicle values('V/356','HARLEY DAVIDSON','FXDC SUPER GLIDE CUSTOM')
insert into Vehicle values('V/357','DODGE','CHARGER')
insert into Vehicle values('V/358','BUICK','VERANO')
insert into Vehicle values('V/359','LAND ROVER','LR2')
insert into Vehicle values('V/360','SUZUKI','LT-A400 EIGER 2X4 AUTO')
insert into Vehicle values('V/361','MERCEDES-BENZ','E320')
insert into Vehicle values('V/362','CANNONDALE','SPEED 440')
insert into Vehicle values('V/363','HINO','165')
insert into Vehicle values('V/364','SUZUKI','C50 BOULEVARD SE')
insert into Vehicle values('V/365','PIAGGIO','FLY 50')
insert into Vehicle values('V/366','POLARIS','SPORTSMAN 400 HO')
insert into Vehicle values('V/367','KAWASAKI','KAF950 MULE 3010 TRANS 4X4 DIESEL')
insert into Vehicle values('V/368','YAMAHA','RS VENTURE GT')
insert into Vehicle values('V/369','HONDA','INSIGHT')
insert into Vehicle values('V/370','FREIGHTLINER','B2')
insert into Vehicle values('V/371','ATK','600 MT')
insert into Vehicle values('V/372','TOYOTA','AVALON')
insert into Vehicle values('V/373','BMW','650CI')
insert into Vehicle values('V/374','CHEVROLET','EXPRESS 2500')
insert into Vehicle values('V/375','FORD','ECONOLINE VAN')
insert into Vehicle values('V/376','CHEVROLET','W5500 TILTMASTER')
insert into Vehicle values('V/377','SEA-DOO','WAKE 155')
insert into Vehicle values('V/378','SKI-DOO','MX Z TNT E-TEC 600 HO')
insert into Vehicle values('V/379','KAWASAKI','KLX300R')
insert into Vehicle values('V/380','KAWASAKI','KX85')
insert into Vehicle values('V/381','FORD','MONDEO')
insert into Vehicle values('V/382','BMW','528I XDRIVE')
insert into Vehicle values('V/383','HONDA','NSS250 REFLEX')
insert into Vehicle values('V/384','FISKER','KARMA')
insert into Vehicle values('V/385','YAMAHA','XV1700ATS ROAD STAR SILVERADO S')
insert into Vehicle values('V/386','YAMAHA','SXV60ER SX VENOM ER')
insert into Vehicle values('V/387','KTM','450 XC-F')
insert into Vehicle values('V/388','PORSCHE','CAYENNE')
insert into Vehicle values('V/389','KTM','990 ADVENTURE S')
insert into Vehicle values('V/390','YAMAHA','WR450F')
insert into Vehicle values('V/391','MERCEDES-BENZ','CL55 AMG')
insert into Vehicle values('V/392','POLARIS','700 CLASSIC')
insert into Vehicle values('V/393','SUZUKI','JR50')
insert into Vehicle values('V/394','BMW','750I')
insert into Vehicle values('V/395','STERLING TRUCK','A9500')
insert into Vehicle values('V/396','LINCOLN','TOWN CAR')
insert into Vehicle values('V/397','BMW','120I')
insert into Vehicle values('V/398','POLARIS','RANGER RZR XP 900')
insert into Vehicle values('V/399','HUSABERG','FE570')
insert into Vehicle values('V/400','APRILIA','RSV 1000 R FACTORY')
insert into Vehicle values('V/401','HONDA','CIVIC')
insert into Vehicle values('V/402','CHEVROLET','EXPRESS PASAJEROS')
insert into Vehicle values('V/403','SUZUKI','C50 BOULEVARD')
insert into Vehicle values('V/404','ARCTIC CAT','450I')
insert into Vehicle values('V/405','KYMCO','MONGOOSE 250')
insert into Vehicle values('V/406','FORD','COURIER')
insert into Vehicle values('V/407','YAMAHA','YFM350 GRIZZLY AUTO')
insert into Vehicle values('V/408','CHRYSLER','SEBRING')
insert into Vehicle values('V/409','LOTUS','EVORA')
insert into Vehicle values('V/410','BMW','S1000RR')
insert into Vehicle values('V/411','HONDA','GL1800P GOLD WING PREMIUM AUDIO')
insert into Vehicle values('V/412','BOMBARDIER','QUEST 650 4X4 XT')
insert into Vehicle values('V/413','KYMCO','XCITING 250')
insert into Vehicle values('V/414','ARCTIC CAT','M1000 EFI 162 SNO PRO')
insert into Vehicle values('V/415','JEEP','COMMANDER')
insert into Vehicle values('V/416','PONTIAC','SUNFIRE')
insert into Vehicle values('V/417','POLARIS','SPORTSMAN 700 EFI')
insert into Vehicle values('V/418','YAMAHA','PZ50RTX PHAZER RTX')
insert into Vehicle values('V/419','COUNTRY COACH MOTORHOME','INTRIGUE')
insert into Vehicle values('V/420','AMERICAN IRONHORSE','LSC')
insert into Vehicle values('V/421','KAWASAKI','BN125 ELIMINATOR')
insert into Vehicle values('V/422','SKI-DOO','SUMMIT 800 X 151')
insert into Vehicle values('V/423','COBRA','CX50-OI')
insert into Vehicle values('V/424','FIAT','PANDA')
insert into Vehicle values('V/425','COBRA','PW3')
insert into Vehicle values('V/426','SEA-DOO','GTR 215')
insert into Vehicle values('V/427','KTM','525 XC')
insert into Vehicle values('V/428','POLARIS','RANGER 800 CREW EPS')
insert into Vehicle values('V/429','POLARIS','700 DRAGON RMK 155')
insert into Vehicle values('V/430','KAWASAKI','JT1500 ULTRA 310X SE')
insert into Vehicle values('V/431','POLARIS','MAGNUM 330 4X4')
insert into Vehicle values('V/432','ACURA','RDX')
insert into Vehicle values('V/433','KAWASAKI','JT1200 STX-12F')
insert into Vehicle values('V/434','FORD','TRANSIT CONNECT')
insert into Vehicle values('V/435','COBRA','CX50-JR')
insert into Vehicle values('V/436','SUBARU','TRIBECA')
insert into Vehicle values('V/437','POLARIS','600 IQ SHIFT 136')
insert into Vehicle values('V/438','MERCEDES-BENZ','E350')
insert into Vehicle values('V/439','TOYOTA','SEQUOIA')
insert into Vehicle values('V/440','FORD','EXPLORER')
insert into Vehicle values('V/441','CHEVROLET','SILVERADO 1500 HD')
insert into Vehicle values('V/442','MITSUBISHI','OUTLANDER')
insert into Vehicle values('V/443','MERCEDES-BENZ','G500')
insert into Vehicle values('V/444','ARGO','AVENGER 750 EFI 8X8')
insert into Vehicle values('V/445','BMW','R1100S BOXER CUP REPLICA')
insert into Vehicle values('V/446','VOLKSWAGEN','BEETLE')
insert into Vehicle values('V/447','MERCURY','MARINER')
insert into Vehicle values('V/448','DODGE','ATTITUDE')
insert into Vehicle values('V/449','SEA-DOO','RXT 260')
insert into Vehicle values('V/450','KTM','990 ADVENTURE S')
insert into Vehicle values('V/451','SKI-DOO','EXPEDITION SPORT 600 ACE')
insert into Vehicle values('V/452','POLARIS','SPORTSMAN 850 HO XP EPS ORANGE MADN')
insert into Vehicle values('V/453','TOYOTA','TACOMA')
insert into Vehicle values('V/454','SKI-DOO','LEGEND V-1000 GT SE')
insert into Vehicle values('V/455','HONDA','GL1800 GOLD WING')
insert into Vehicle values('V/456','KTM','200 EXC')
insert into Vehicle values('V/457','TM','MX100')
insert into Vehicle values('V/458','SATURN','ASTRA')
insert into Vehicle values('V/459','ARCTIC CAT','Z1 TURBO SNO PRO LIMITED')
insert into Vehicle values('V/460','YAMAHA','YJ125 VINO 125')
insert into Vehicle values('V/461','SUZUKI','M50 BOULEVARD')
insert into Vehicle values('V/462','INTERNATIONAL','LONESTAR')
insert into Vehicle values('V/463','GMC','SAVANA 3500')
insert into Vehicle values('V/464','FORD','F-350')
insert into Vehicle values('V/465','CUB CADET','VOLUNTEER 4X4 EFI')
insert into Vehicle values('V/466','OLDSMOBILE','ALERO')
insert into Vehicle values('V/467','YAMAHA','YZ450F')
insert into Vehicle values('V/468','FORD','F-350 SUPER DUTY')
insert into Vehicle values('V/469','KAWASAKI','KVF650 BRUTE FORCE 4X4I')
insert into Vehicle values('V/470','MINI','COUNTRYMAN')
insert into Vehicle values('V/471','BMW','M3')
insert into Vehicle values('V/472','ARCTIC CAT','F6 EFI SNO PRO')
insert into Vehicle values('V/473','SKI-DOO','GRAND TOURING 600')
insert into Vehicle values('V/474','PETERBILT','579')
insert into Vehicle values('V/475','POLARIS','OUTLAW 50')
insert into Vehicle values('V/476','MITSUBISHI FUSO','FK200')
insert into Vehicle values('V/477','VESPA','GTV 250')
insert into Vehicle values('V/478','YAMAHA','YFZ450R SE')
insert into Vehicle values('V/479','BOMBARDIER','OUTLANDER 400 HO 4X4')
insert into Vehicle values('V/480','SKI-DOO','TUNDRA SPORT ACE 600')
insert into Vehicle values('V/481','FERRARI','456 M GT')
insert into Vehicle values('V/482','FORD','F650')
insert into Vehicle values('V/483','RAM','5500')
insert into Vehicle values('V/484','CHEVROLET','SS')
insert into Vehicle values('V/485','POLARIS','RANGER 900 XP EPS')
insert into Vehicle values('V/486','CHRYSLER','200')
insert into Vehicle values('V/487','TOYOTA','HIGHLANDER')
insert into Vehicle values('V/488','CHEVROLET','MERIVA')
insert into Vehicle values('V/489','CHEVROLET','BLAZER')
insert into Vehicle values('V/490','HONDA','CIVIC')
insert into Vehicle values('V/491','SUBARU','WRX STI')
insert into Vehicle values('V/492','POLARIS','700 IQ')
insert into Vehicle values('V/493','BMW','335I XDRIVE')
insert into Vehicle values('V/494','BUELL','BLAST')
insert into Vehicle values('V/495','CHEVROLET','ZAFIRA')
insert into Vehicle values('V/496','YAMAHA','YFZ450R SE')
insert into Vehicle values('V/497','MORGAN','ROADSTER')
insert into Vehicle values('V/498','ARCTIC CAT','700 EFI 4X4 AUTO TRV CRUISER')
insert into Vehicle values('V/499','MASERATI','GRANSPORT')
insert into Vehicle values('V/500','CHEVROLET','T7500')
insert into Vehicle values('V/501','HONDA','GL1800HPN GOLD WING AUDIO/COMFORT/N')
insert into Vehicle values('V/502','VICTORY','KINGPIN')
insert into Vehicle values('V/503','AUTOCAR LLC.','XPEDITOR WX')
insert into Vehicle values('V/504','HUSQVARNA','WR125')
insert into Vehicle values('V/505','MITSUBISHI FUSO','FG140')
insert into Vehicle values('V/506','SUZUKI','DR650SE')
insert into Vehicle values('V/507','NISSAN','370Z')
insert into Vehicle values('V/508','HONDA','VT600C SHADOW VLX')
insert into Vehicle values('V/509','HONDA','TRX420TE1 FOURTRAX RANCHER ES')
insert into Vehicle values('V/510','KYMCO','MXU150')
insert into Vehicle values('V/511','KENWORTH','T300')
insert into Vehicle values('V/512','PETERBILT','567')
insert into Vehicle values('V/513','KAWASAKI','KRT800 TERYX CAMO')
insert into Vehicle values('V/514','YAMAHA','WR450F')
insert into Vehicle values('V/515','CHEVROLET','CHEYENNE 2500')
insert into Vehicle values('V/516','HONDA','PILOT')
insert into Vehicle values('V/517','FERRARI','612 SCAGLIETTI')
insert into Vehicle values('V/518','TOYOTA','CAMRY')
insert into Vehicle values('V/519','KYMCO','AGILITY 125')
insert into Vehicle values('V/520','BOBCAT','3200 4X2 (GAS)')
insert into Vehicle values('V/521','HONDA','ST1300')
insert into Vehicle values('V/522','FORD','F650')
insert into Vehicle values('V/523','JOHN DEERE','GATOR HPX 4X4')
insert into Vehicle values('V/524','VOLKSWAGEN','BEETLE')
insert into Vehicle values('V/525','KYMCO','UXV 700I HE')
insert into Vehicle values('V/526','YAMAHA','YFM400 BIG BEAR IRS 4X4')
insert into Vehicle values('V/527','BMW','328I GT XDRIVE')
insert into Vehicle values('V/528','KIA','SEDONA')
insert into Vehicle values('V/529','SUZUKI','DR650SE')
insert into Vehicle values('V/530','HUSABERG','FE550E')
insert into Vehicle values('V/531','INTERNATIONAL','RXT')
insert into Vehicle values('V/532','PETERBILT','357')
insert into Vehicle values('V/533','ARCTIC CAT','MOUNTAIN CAT 1000')
insert into Vehicle values('V/534','SEA-DOO','WAKE 155')
insert into Vehicle values('V/535','AUDI','S8')
insert into Vehicle values('V/536','ARCTIC CAT','PANTERA 600 EFI')
insert into Vehicle values('V/537','HONDA','VT600CD SHADOW VLX DELUXE')
insert into Vehicle values('V/538','SKI-DOO','MX Z 700 ADRENALINE')
insert into Vehicle values('V/539','E-TON','VECTOR 250R')
insert into Vehicle values('V/540','POLARIS','800 PRO-RMK 155')
insert into Vehicle values('V/541','VICTORY','CORY NESS JACKPOT')
insert into Vehicle values('V/542','HARLEY DAVIDSON','FLSTN SOFTAIL DELUXE')
insert into Vehicle values('V/543','INTERNATIONAL','LONESTAR')
insert into Vehicle values('V/544','FREIGHTLINER','CORONADO')
insert into Vehicle values('V/545','APRILIA','SL 750 SHIVER')
insert into Vehicle values('V/546','HONDA','FSC600 SILVER WING')
insert into Vehicle values('V/547','HUSQVARNA','SMR 450')
insert into Vehicle values('V/548','HONDA','XR50R')
insert into Vehicle values('V/549','HINO','268A')
insert into Vehicle values('V/550','FERRARI','458 SPIDER')
insert into Vehicle values('V/551','RENAULT','KANGOO EXPRESS')
insert into Vehicle values('V/552','ARCTIC CAT','Z 120')
insert into Vehicle values('V/553','NISSAN','LEAF')
insert into Vehicle values('V/554','YAMAHA','VX1100A WAVERUNNER 1100 DELUXE')
insert into Vehicle values('V/555','KTM','625 SMC')
insert into Vehicle values('V/556','YAMAHA','XV1700ATS ROAD STAR SILVERADO S')
insert into Vehicle values('V/557','HUMMER','H2')
insert into Vehicle values('V/558','HARLEY DAVIDSON','FXDB STREET BOB')
insert into Vehicle values('V/559','SATURN','SKY')
insert into Vehicle values('V/560','KTM','450 XC-W')
insert into Vehicle values('V/561','POLARIS','800 RUSH PRO-R')
insert into Vehicle values('V/562','NISSAN','ARMADA')
insert into Vehicle values('V/563','KAWASAKI','KX450F')
insert into Vehicle values('V/564','DODGE','DAKOTA')
insert into Vehicle values('V/565','AMERICAN IRONHORSE','LEGEND')
insert into Vehicle values('V/566','HONDA','VT750DC SHADOW SPIRIT')
insert into Vehicle values('V/567','KAWASAKI','VN1500J/R VULCAN 1500 DRIFTER')
insert into Vehicle values('V/568','HONDA','VTX1800R')
insert into Vehicle values('V/569','COBRA','KING')
insert into Vehicle values('V/570','BMW','118I')
insert into Vehicle values('V/571','SATURN','SKY')
insert into Vehicle values('V/572','NISSAN','SENTRA')
insert into Vehicle values('V/573','FORD','F-250 SUPER DUTY')
insert into Vehicle values('V/574','JEEP','COMPASS')
insert into Vehicle values('V/575','APRILIA','RSV 1000 R FACTORY')
insert into Vehicle values('V/576','SKI-DOO','EXPEDITION SPORT ACE 900')
insert into Vehicle values('V/577','POLARIS','SCRAMBLER 500 4X4')
insert into Vehicle values('V/578','POLARIS','600 XC SP')
insert into Vehicle values('V/579','POLARIS','RANGER RZR XP 900 LE')
insert into Vehicle values('V/580','CAN-AM','MAVERICK X RS 1000R')
insert into Vehicle values('V/581','CHEVROLET','TRAVERSE')
insert into Vehicle values('V/582','HARLEY DAVIDSON','FLSTFI FAT BOY')
insert into Vehicle values('V/583','MERCEDES-BENZ','E320')
insert into Vehicle values('V/584','HUSQVARNA','WR250')
insert into Vehicle values('V/585','YAMAHA','YFM350 RAPTOR')
insert into Vehicle values('V/586','CHEVROLET','SILVERADO 1500')
insert into Vehicle values('V/587','MASERATI','SPYDER')
insert into Vehicle values('V/588','SKI-DOO','SKANDIC 550F TUNDRA SPORT')
insert into Vehicle values('V/589','BMW','740IL')
insert into Vehicle values('V/590','TOYOTA','TACOMA')
insert into Vehicle values('V/591','TOYOTA','COROLLA')
insert into Vehicle values('V/592','CHEVROLET','SONORA')
insert into Vehicle values('V/593','HONDA','RIDGELINE')
insert into Vehicle values('V/594','HARLEY DAVIDSON','FXD DYNA SUPER GLIDE')
insert into Vehicle values('V/595','ISUZU','NQR')
insert into Vehicle values('V/596','SKI-DOO','GSX 600 LIMITED TOURING')
insert into Vehicle values('V/597','MERCEDES-BENZ','SLK350')
insert into Vehicle values('V/598','PETERBILT','320')
insert into Vehicle values('V/599','CAN-AM','RENEGADE 500')
insert into Vehicle values('V/600','CANNONDALE','E440R')
insert into Vehicle values('V/601','KTM','300 EXC')
insert into Vehicle values('V/602','MITSUBISHI','GALANT')
insert into Vehicle values('V/603','AUDI','A5')
insert into Vehicle values('V/604','KYMCO','AGILITY 50')
insert into Vehicle values('V/605','BMW','ALPINA B7 XDRIVE')
insert into Vehicle values('V/606','HONDA','ODYSSEY')
insert into Vehicle values('V/607','INTERNATIONAL','4100')
insert into Vehicle values('V/608','COBRA','CX65')
insert into Vehicle values('V/609','KTM','990 ADVENTURE R')
insert into Vehicle values('V/610','FORD','MONDEO')
insert into Vehicle values('V/611','MOTO GUZZI','V7 STONE')
insert into Vehicle values('V/612','HYUNDAI','AZERA')
insert into Vehicle values('V/613','SKI-DOO','MX Z 700 X')
insert into Vehicle values('V/614','SAAB','9-2X')
insert into Vehicle values('V/615','CAN-AM','OUTLANDER 800 HO 4X4 EFI XT')
insert into Vehicle values('V/616','SUZUKI','LT-A450X KINGQUAD AXI 4X4')
insert into Vehicle values('V/617','KAWASAKI','JH1100 ULTRA 130')
insert into Vehicle values('V/618','CHRYSLER','TOWN & COUNTRY')
insert into Vehicle values('V/619','POLARIS','800 RMK')
insert into Vehicle values('V/620','YAMAHA','XV1900S ROADLINER S')
insert into Vehicle values('V/621','CADILLAC','STS')
insert into Vehicle values('V/622','POLARIS','SPORTSMAN 800 EFI')
insert into Vehicle values('V/623','SUZUKI','DR200SE')
insert into Vehicle values('V/624','POLARIS','SPORTSMAN 550 EPS BROWNING LE')
insert into Vehicle values('V/625','ROLLS ROYCE','PHANTOM')
insert into Vehicle values('V/626','MERCEDES-BENZ','CL63 AMG')
insert into Vehicle values('V/627','DODGE','GRAND CARAVAN')
insert into Vehicle values('V/628','INFINITI','FX50')
insert into Vehicle values('V/629','FORD','FUSION')
insert into Vehicle values('V/630','KENWORTH','T680')
insert into Vehicle values('V/631','SKI-DOO','EXPEDITION 550F SPORT')
insert into Vehicle values('V/632','FORD','EXPEDITION')
insert into Vehicle values('V/633','POLARIS','700 XC SP')
insert into Vehicle values('V/634','BMW','HP2 ENDURO')
insert into Vehicle values('V/635','DUCATI','MONSTER 620 DARK')
insert into Vehicle values('V/636','KAWASAKI','EN500C VULCAN 500 LTD')
insert into Vehicle values('V/637','SKI-DOO','MX Z TNT E-TEC 600 HO')
insert into Vehicle values('V/638','KAWASAKI','KAF400 MULE 600')
insert into Vehicle values('V/639','SKI-DOO','SUMMIT 800 R HIGHMARK X')
insert into Vehicle values('V/640','NISSAN','CABSTAR')
insert into Vehicle values('V/641','SEAT','IBIZA')
insert into Vehicle values('V/642','ARCTIC CAT','650 V-2 4X4 AUTO')
insert into Vehicle values('V/643','INFINITI','QX56')
insert into Vehicle values('V/644','SUZUKI','SV650A ABS')
insert into Vehicle values('V/645','ARCTIC CAT','550 4X4 AUTO')
insert into Vehicle values('V/646','POLARIS','700 RMK 159')
insert into Vehicle values('V/647','FREIGHTLINER','114SD')
insert into Vehicle values('V/648','BMW','530I')
insert into Vehicle values('V/649','KAWASAKI','KLX140L')


select * from Vehicle

--Pricelist

insert into Pricelist values('P/000','Flush the coolant',99.87)
insert into Pricelist values('P/001','Check the spark plugs',86.02)
insert into Pricelist values('P/002','Change air cabin filter',84.86)
insert into Pricelist values('P/003','Change engine air filter',81.36)
insert into Pricelist values('P/004','Lubricate doors and hinges',89.55)
insert into Pricelist values('P/005','Check brakes and wheel bearings',72.29)
insert into Pricelist values('P/006','Inspect steering and suspension',119.73)

select * from Pricelist

--Invoice

insert into Invoice values('I/000','Ca/000','E/000','P/005','V/300','2023-10-15')
insert into Invoice values('I/001','Ca/000','E/001','P/004','V/301','2023-10-10')
insert into Invoice values('I/002','Ca/002','E/002','P/003','V/302','2023-09-24')
insert into Invoice values('I/003','Ca/002','E/003','P/003','V/303','2023-09-30')
insert into Invoice values('I/004','Ca/004','E/004','P/001','V/304','2023-10-01')
insert into Invoice values('I/005','Ca/004','E/005','P/003','V/305','2023-09-08')
insert into Invoice values('I/006','Ca/006','E/006','P/003','V/306','2023-09-14')
insert into Invoice values('I/007','Ca/006','E/007','P/005','V/307','2023-10-15')
insert into Invoice values('I/008','Ca/008','E/008','P/000','V/308','2023-10-11')
insert into Invoice values('I/009','Ca/008','E/009','P/003','V/309','2023-09-01')
insert into Invoice values('I/010','Ca/010','E/010','P/005','V/310','2023-09-05')
insert into Invoice values('I/011','Ca/010','E/011','P/004','V/311','2023-09-26')
insert into Invoice values('I/012','Ca/012','E/012','P/005','V/312','2023-09-08')
insert into Invoice values('I/013','Ca/012','E/013','P/006','V/313','2023-10-04')
insert into Invoice values('I/014','Ca/014','E/014','P/004','V/314','2023-09-20')
insert into Invoice values('I/015','Ca/014','E/015','P/000','V/315','2023-09-24')
insert into Invoice values('I/016','Ca/016','E/016','P/005','V/316','2023-10-10')
insert into Invoice values('I/017','Ca/016','E/017','P/004','V/317','2023-10-09')
insert into Invoice values('I/018','Ca/018','E/018','P/005','V/318','2023-09-14')
insert into Invoice values('I/019','Ca/018','E/019','P/000','V/319','2023-10-09')
insert into Invoice values('I/020','Ca/000','E/000','P/000','V/320','2023-09-05')
insert into Invoice values('I/021','Ca/000','E/001','P/002','V/321','2023-09-06')
insert into Invoice values('I/022','Ca/002','E/002','P/006','V/322','2023-09-21')
insert into Invoice values('I/023','Ca/002','E/003','P/003','V/323','2023-10-03')
insert into Invoice values('I/024','Ca/004','E/004','P/002','V/324','2023-10-06')
insert into Invoice values('I/025','Ca/004','E/005','P/006','V/325','2023-09-01')
insert into Invoice values('I/026','Ca/006','E/006','P/005','V/326','2023-10-14')
insert into Invoice values('I/027','Ca/006','E/007','P/000','V/327','2023-10-12')
insert into Invoice values('I/028','Ca/008','E/008','P/001','V/328','2023-09-27')
insert into Invoice values('I/029','Ca/008','E/009','P/002','V/329','2023-09-02')
insert into Invoice values('I/030','Ca/010','E/010','P/000','V/330','2023-09-09')
insert into Invoice values('I/031','Ca/010','E/011','P/003','V/331','2023-09-03')
insert into Invoice values('I/032','Ca/012','E/012','P/006','V/332','2023-09-07')
insert into Invoice values('I/033','Ca/012','E/013','P/006','V/333','2023-09-06')
insert into Invoice values('I/034','Ca/014','E/014','P/001','V/334','2023-09-24')
insert into Invoice values('I/035','Ca/014','E/015','P/005','V/335','2023-09-01')
insert into Invoice values('I/036','Ca/016','E/016','P/005','V/336','2023-09-14')
insert into Invoice values('I/037','Ca/016','E/017','P/001','V/337','2023-10-10')
insert into Invoice values('I/038','Ca/018','E/018','P/001','V/338','2023-09-19')
insert into Invoice values('I/039','Ca/018','E/019','P/005','V/339','2023-09-21')
insert into Invoice values('I/040','Ca/000','E/000','P/006','V/340','2023-09-30')
insert into Invoice values('I/041','Ca/000','E/001','P/001','V/341','2023-10-06')
insert into Invoice values('I/042','Ca/002','E/002','P/006','V/342','2023-10-09')
insert into Invoice values('I/043','Ca/002','E/003','P/003','V/343','2023-09-22')
insert into Invoice values('I/044','Ca/004','E/004','P/000','V/344','2023-09-05')
insert into Invoice values('I/045','Ca/004','E/005','P/005','V/345','2023-09-12')
insert into Invoice values('I/046','Ca/006','E/006','P/005','V/346','2023-09-09')
insert into Invoice values('I/047','Ca/006','E/007','P/002','V/347','2023-09-26')
insert into Invoice values('I/048','Ca/008','E/008','P/001','V/348','2023-10-05')
insert into Invoice values('I/049','Ca/008','E/009','P/005','V/349','2023-10-15')
insert into Invoice values('I/050','Ca/010','E/010','P/002','V/350','2023-10-02')
insert into Invoice values('I/051','Ca/010','E/011','P/003','V/351','2023-09-08')
insert into Invoice values('I/052','Ca/012','E/012','P/000','V/352','2023-09-09')
insert into Invoice values('I/053','Ca/012','E/013','P/003','V/353','2023-10-15')
insert into Invoice values('I/054','Ca/014','E/014','P/005','V/354','2023-09-07')
insert into Invoice values('I/055','Ca/014','E/015','P/002','V/355','2023-09-01')
insert into Invoice values('I/056','Ca/016','E/016','P/004','V/356','2023-09-30')
insert into Invoice values('I/057','Ca/016','E/017','P/000','V/357','2023-09-30')
insert into Invoice values('I/058','Ca/018','E/018','P/000','V/358','2023-09-16')
insert into Invoice values('I/059','Ca/018','E/019','P/001','V/359','2023-10-01')
insert into Invoice values('I/060','Ca/000','E/000','P/005','V/360','2023-10-09')
insert into Invoice values('I/061','Ca/000','E/001','P/003','V/361','2023-09-26')
insert into Invoice values('I/062','Ca/002','E/002','P/002','V/362','2023-10-10')
insert into Invoice values('I/063','Ca/002','E/003','P/001','V/363','2023-09-30')
insert into Invoice values('I/064','Ca/004','E/004','P/000','V/364','2023-09-04')
insert into Invoice values('I/065','Ca/004','E/005','P/005','V/365','2023-10-01')
insert into Invoice values('I/066','Ca/006','E/006','P/001','V/366','2023-10-15')
insert into Invoice values('I/067','Ca/006','E/007','P/005','V/367','2023-09-15')
insert into Invoice values('I/068','Ca/008','E/008','P/002','V/368','2023-09-18')
insert into Invoice values('I/069','Ca/008','E/009','P/001','V/369','2023-09-25')
insert into Invoice values('I/070','Ca/010','E/010','P/003','V/370','2023-09-24')
insert into Invoice values('I/071','Ca/010','E/011','P/000','V/371','2023-09-17')
insert into Invoice values('I/072','Ca/012','E/012','P/004','V/372','2023-10-14')
insert into Invoice values('I/073','Ca/012','E/013','P/006','V/373','2023-10-04')
insert into Invoice values('I/074','Ca/014','E/014','P/005','V/374','2023-09-03')
insert into Invoice values('I/075','Ca/014','E/015','P/001','V/375','2023-09-20')
insert into Invoice values('I/076','Ca/016','E/016','P/001','V/376','2023-09-23')
insert into Invoice values('I/077','Ca/016','E/017','P/002','V/377','2023-09-17')
insert into Invoice values('I/078','Ca/018','E/018','P/002','V/378','2023-10-06')
insert into Invoice values('I/079','Ca/018','E/019','P/004','V/379','2023-09-21')
insert into Invoice values('I/080','Ca/000','E/000','P/001','V/380','2023-10-08')
insert into Invoice values('I/081','Ca/000','E/001','P/006','V/381','2023-10-12')
insert into Invoice values('I/082','Ca/002','E/002','P/002','V/382','2023-10-10')
insert into Invoice values('I/083','Ca/002','E/003','P/003','V/383','2023-09-11')
insert into Invoice values('I/084','Ca/004','E/004','P/004','V/384','2023-09-01')
insert into Invoice values('I/085','Ca/004','E/005','P/006','V/385','2023-10-06')
insert into Invoice values('I/086','Ca/006','E/006','P/001','V/386','2023-09-18')
insert into Invoice values('I/087','Ca/006','E/007','P/006','V/387','2023-10-02')
insert into Invoice values('I/088','Ca/008','E/008','P/005','V/388','2023-09-27')
insert into Invoice values('I/089','Ca/008','E/009','P/006','V/389','2023-10-01')
insert into Invoice values('I/090','Ca/010','E/010','P/005','V/390','2023-09-29')
insert into Invoice values('I/091','Ca/010','E/011','P/005','V/391','2023-09-15')
insert into Invoice values('I/092','Ca/012','E/012','P/006','V/392','2023-09-02')
insert into Invoice values('I/093','Ca/012','E/013','P/002','V/393','2023-09-14')
insert into Invoice values('I/094','Ca/014','E/014','P/001','V/394','2023-09-04')
insert into Invoice values('I/095','Ca/014','E/015','P/003','V/395','2023-09-03')
insert into Invoice values('I/096','Ca/016','E/016','P/004','V/396','2023-10-07')
insert into Invoice values('I/097','Ca/016','E/017','P/000','V/397','2023-10-05')
insert into Invoice values('I/098','Ca/018','E/018','P/002','V/398','2023-10-14')
insert into Invoice values('I/099','Ca/018','E/019','P/002','V/399','2023-09-13')
insert into Invoice values('I/100','Ca/000','E/000','P/000','V/400','2023-09-23')
insert into Invoice values('I/101','Ca/000','E/001','P/001','V/401','2023-09-23')
insert into Invoice values('I/102','Ca/002','E/002','P/005','V/402','2023-09-12')
insert into Invoice values('I/103','Ca/002','E/003','P/000','V/403','2023-09-15')
insert into Invoice values('I/104','Ca/004','E/004','P/001','V/404','2023-10-05')
insert into Invoice values('I/105','Ca/004','E/005','P/001','V/405','2023-09-02')
insert into Invoice values('I/106','Ca/006','E/006','P/003','V/406','2023-09-12')
insert into Invoice values('I/107','Ca/006','E/007','P/006','V/407','2023-09-01')
insert into Invoice values('I/108','Ca/008','E/008','P/002','V/408','2023-10-01')
insert into Invoice values('I/109','Ca/008','E/009','P/000','V/409','2023-10-08')
insert into Invoice values('I/110','Ca/010','E/010','P/006','V/410','2023-09-30')
insert into Invoice values('I/111','Ca/010','E/011','P/005','V/411','2023-09-17')
insert into Invoice values('I/112','Ca/012','E/012','P/003','V/412','2023-09-07')
insert into Invoice values('I/113','Ca/012','E/013','P/000','V/413','2023-09-10')
insert into Invoice values('I/114','Ca/014','E/014','P/004','V/414','2023-09-20')
insert into Invoice values('I/115','Ca/014','E/015','P/006','V/415','2023-10-12')
insert into Invoice values('I/116','Ca/016','E/016','P/005','V/416','2023-09-24')
insert into Invoice values('I/117','Ca/016','E/017','P/006','V/417','2023-10-04')
insert into Invoice values('I/118','Ca/018','E/018','P/004','V/418','2023-10-08')
insert into Invoice values('I/119','Ca/018','E/019','P/006','V/419','2023-09-07')
insert into Invoice values('I/120','Ca/000','E/000','P/002','V/420','2023-10-04')
insert into Invoice values('I/121','Ca/000','E/001','P/000','V/421','2023-10-10')
insert into Invoice values('I/122','Ca/002','E/002','P/006','V/422','2023-09-22')
insert into Invoice values('I/123','Ca/002','E/003','P/001','V/423','2023-09-29')
insert into Invoice values('I/124','Ca/004','E/004','P/000','V/424','2023-10-03')
insert into Invoice values('I/125','Ca/004','E/005','P/001','V/425','2023-09-11')
insert into Invoice values('I/126','Ca/006','E/006','P/005','V/426','2023-09-19')
insert into Invoice values('I/127','Ca/006','E/007','P/001','V/427','2023-09-04')
insert into Invoice values('I/128','Ca/008','E/008','P/005','V/428','2023-10-06')
insert into Invoice values('I/129','Ca/008','E/009','P/006','V/429','2023-10-03')
insert into Invoice values('I/130','Ca/010','E/010','P/002','V/430','2023-10-08')
insert into Invoice values('I/131','Ca/010','E/011','P/003','V/431','2023-09-10')
insert into Invoice values('I/132','Ca/012','E/012','P/002','V/432','2023-09-20')
insert into Invoice values('I/133','Ca/012','E/013','P/002','V/433','2023-09-02')
insert into Invoice values('I/134','Ca/014','E/014','P/002','V/434','2023-09-07')
insert into Invoice values('I/135','Ca/014','E/015','P/000','V/435','2023-09-19')
insert into Invoice values('I/136','Ca/016','E/016','P/006','V/436','2023-10-13')
insert into Invoice values('I/137','Ca/016','E/017','P/001','V/437','2023-10-13')
insert into Invoice values('I/138','Ca/018','E/018','P/001','V/438','2023-10-11')
insert into Invoice values('I/139','Ca/018','E/019','P/005','V/439','2023-10-13')
insert into Invoice values('I/140','Ca/000','E/000','P/006','V/440','2023-09-26')
insert into Invoice values('I/141','Ca/000','E/001','P/002','V/441','2023-10-11')
insert into Invoice values('I/142','Ca/002','E/002','P/002','V/442','2023-10-13')
insert into Invoice values('I/143','Ca/002','E/003','P/003','V/443','2023-10-15')
insert into Invoice values('I/144','Ca/004','E/004','P/003','V/444','2023-10-11')
insert into Invoice values('I/145','Ca/004','E/005','P/005','V/445','2023-09-21')
insert into Invoice values('I/146','Ca/006','E/006','P/004','V/446','2023-10-03')
insert into Invoice values('I/147','Ca/006','E/007','P/005','V/447','2023-09-27')
insert into Invoice values('I/148','Ca/008','E/008','P/000','V/448','2023-10-12')
insert into Invoice values('I/149','Ca/008','E/009','P/000','V/449','2023-09-30')
insert into Invoice values('I/150','Ca/010','E/010','P/002','V/450','2023-09-15')
insert into Invoice values('I/151','Ca/010','E/011','P/002','V/451','2023-10-08')
insert into Invoice values('I/152','Ca/012','E/012','P/006','V/452','2023-10-09')
insert into Invoice values('I/153','Ca/012','E/013','P/004','V/453','2023-09-14')
insert into Invoice values('I/154','Ca/014','E/014','P/004','V/454','2023-09-04')
insert into Invoice values('I/155','Ca/014','E/015','P/004','V/455','2023-09-05')
insert into Invoice values('I/156','Ca/016','E/016','P/003','V/456','2023-09-04')
insert into Invoice values('I/157','Ca/016','E/017','P/004','V/457','2023-09-27')
insert into Invoice values('I/158','Ca/018','E/018','P/003','V/458','2023-10-08')
insert into Invoice values('I/159','Ca/018','E/019','P/005','V/459','2023-09-18')
insert into Invoice values('I/160','Ca/000','E/000','P/006','V/460','2023-10-10')
insert into Invoice values('I/161','Ca/000','E/001','P/000','V/461','2023-09-22')
insert into Invoice values('I/162','Ca/002','E/002','P/006','V/462','2023-09-19')
insert into Invoice values('I/163','Ca/002','E/003','P/006','V/463','2023-10-06')
insert into Invoice values('I/164','Ca/004','E/004','P/001','V/464','2023-09-26')
insert into Invoice values('I/165','Ca/004','E/005','P/001','V/465','2023-10-08')
insert into Invoice values('I/166','Ca/006','E/006','P/000','V/466','2023-09-06')
insert into Invoice values('I/167','Ca/006','E/007','P/003','V/467','2023-09-02')
insert into Invoice values('I/168','Ca/008','E/008','P/000','V/468','2023-10-01')
insert into Invoice values('I/169','Ca/008','E/009','P/006','V/469','2023-09-21')
insert into Invoice values('I/170','Ca/010','E/010','P/005','V/470','2023-09-01')
insert into Invoice values('I/171','Ca/010','E/011','P/001','V/471','2023-09-26')
insert into Invoice values('I/172','Ca/012','E/012','P/002','V/472','2023-09-21')
insert into Invoice values('I/173','Ca/012','E/013','P/006','V/473','2023-09-12')
insert into Invoice values('I/174','Ca/014','E/014','P/002','V/474','2023-09-10')
insert into Invoice values('I/175','Ca/014','E/015','P/002','V/475','2023-09-05')
insert into Invoice values('I/176','Ca/016','E/016','P/006','V/476','2023-10-05')
insert into Invoice values('I/177','Ca/016','E/017','P/005','V/477','2023-10-11')
insert into Invoice values('I/178','Ca/018','E/018','P/000','V/478','2023-09-16')
insert into Invoice values('I/179','Ca/018','E/019','P/005','V/479','2023-09-25')
insert into Invoice values('I/180','Ca/000','E/000','P/003','V/480','2023-09-23')
insert into Invoice values('I/181','Ca/000','E/001','P/005','V/481','2023-09-03')
insert into Invoice values('I/182','Ca/002','E/002','P/005','V/482','2023-09-28')
insert into Invoice values('I/183','Ca/002','E/003','P/000','V/483','2023-09-13')
insert into Invoice values('I/184','Ca/004','E/004','P/003','V/484','2023-09-05')
insert into Invoice values('I/185','Ca/004','E/005','P/005','V/485','2023-09-01')
insert into Invoice values('I/186','Ca/006','E/006','P/003','V/486','2023-09-20')
insert into Invoice values('I/187','Ca/006','E/007','P/000','V/487','2023-09-16')
insert into Invoice values('I/188','Ca/008','E/008','P/006','V/488','2023-10-05')
insert into Invoice values('I/189','Ca/008','E/009','P/006','V/489','2023-10-02')
insert into Invoice values('I/190','Ca/010','E/010','P/005','V/490','2023-09-23')
insert into Invoice values('I/191','Ca/010','E/011','P/001','V/491','2023-09-27')
insert into Invoice values('I/192','Ca/012','E/012','P/004','V/492','2023-09-11')
insert into Invoice values('I/193','Ca/012','E/013','P/005','V/493','2023-10-08')
insert into Invoice values('I/194','Ca/014','E/014','P/002','V/494','2023-09-14')
insert into Invoice values('I/195','Ca/014','E/015','P/003','V/495','2023-10-06')
insert into Invoice values('I/196','Ca/016','E/016','P/004','V/496','2023-09-03')
insert into Invoice values('I/197','Ca/016','E/017','P/006','V/497','2023-09-09')
insert into Invoice values('I/198','Ca/018','E/018','P/001','V/498','2023-09-15')
insert into Invoice values('I/199','Ca/018','E/019','P/003','V/499','2023-09-22')
insert into Invoice values('I/200','Ca/000','E/000','P/004','V/500','2023-10-14')
insert into Invoice values('I/201','Ca/000','E/001','P/004','V/501','2023-09-03')
insert into Invoice values('I/202','Ca/002','E/002','P/005','V/502','2023-09-17')
insert into Invoice values('I/203','Ca/002','E/003','P/000','V/503','2023-10-01')
insert into Invoice values('I/204','Ca/004','E/004','P/003','V/504','2023-09-19')
insert into Invoice values('I/205','Ca/004','E/005','P/006','V/505','2023-09-05')
insert into Invoice values('I/206','Ca/006','E/006','P/005','V/506','2023-09-25')
insert into Invoice values('I/207','Ca/006','E/007','P/001','V/507','2023-09-18')
insert into Invoice values('I/208','Ca/008','E/008','P/002','V/508','2023-09-07')
insert into Invoice values('I/209','Ca/008','E/009','P/002','V/509','2023-09-22')
insert into Invoice values('I/210','Ca/010','E/010','P/006','V/510','2023-09-11')
insert into Invoice values('I/211','Ca/010','E/011','P/000','V/511','2023-10-06')
insert into Invoice values('I/212','Ca/012','E/012','P/003','V/512','2023-10-12')
insert into Invoice values('I/213','Ca/012','E/013','P/000','V/513','2023-09-01')
insert into Invoice values('I/214','Ca/014','E/014','P/001','V/514','2023-09-19')
insert into Invoice values('I/215','Ca/014','E/015','P/003','V/515','2023-09-30')
insert into Invoice values('I/216','Ca/016','E/016','P/006','V/516','2023-10-12')
insert into Invoice values('I/217','Ca/016','E/017','P/006','V/517','2023-09-09')
insert into Invoice values('I/218','Ca/018','E/018','P/000','V/518','2023-09-27')
insert into Invoice values('I/219','Ca/018','E/019','P/001','V/519','2023-09-28')
insert into Invoice values('I/220','Ca/000','E/000','P/000','V/520','2023-10-12')
insert into Invoice values('I/221','Ca/000','E/001','P/005','V/521','2023-09-24')
insert into Invoice values('I/222','Ca/002','E/002','P/004','V/522','2023-09-24')
insert into Invoice values('I/223','Ca/002','E/003','P/001','V/523','2023-09-01')
insert into Invoice values('I/224','Ca/004','E/004','P/004','V/524','2023-10-07')
insert into Invoice values('I/225','Ca/004','E/005','P/001','V/525','2023-09-10')
insert into Invoice values('I/226','Ca/006','E/006','P/006','V/526','2023-09-19')
insert into Invoice values('I/227','Ca/006','E/007','P/006','V/527','2023-09-21')
insert into Invoice values('I/228','Ca/008','E/008','P/001','V/528','2023-10-13')
insert into Invoice values('I/229','Ca/008','E/009','P/000','V/529','2023-10-14')
insert into Invoice values('I/230','Ca/010','E/010','P/003','V/530','2023-09-26')
insert into Invoice values('I/231','Ca/010','E/011','P/004','V/531','2023-09-25')
insert into Invoice values('I/232','Ca/012','E/012','P/001','V/532','2023-09-11')
insert into Invoice values('I/233','Ca/012','E/013','P/006','V/533','2023-10-02')
insert into Invoice values('I/234','Ca/014','E/014','P/002','V/534','2023-09-16')
insert into Invoice values('I/235','Ca/014','E/015','P/001','V/535','2023-10-06')
insert into Invoice values('I/236','Ca/016','E/016','P/003','V/536','2023-10-07')
insert into Invoice values('I/237','Ca/016','E/017','P/001','V/537','2023-10-06')
insert into Invoice values('I/238','Ca/018','E/018','P/005','V/538','2023-09-27')
insert into Invoice values('I/239','Ca/018','E/019','P/000','V/539','2023-09-27')
insert into Invoice values('I/240','Ca/000','E/000','P/001','V/540','2023-10-15')
insert into Invoice values('I/241','Ca/000','E/001','P/000','V/541','2023-09-17')
insert into Invoice values('I/242','Ca/002','E/002','P/002','V/542','2023-10-06')
insert into Invoice values('I/243','Ca/002','E/003','P/002','V/543','2023-10-14')
insert into Invoice values('I/244','Ca/004','E/004','P/001','V/544','2023-10-09')
insert into Invoice values('I/245','Ca/004','E/005','P/000','V/545','2023-09-13')
insert into Invoice values('I/246','Ca/006','E/006','P/004','V/546','2023-10-05')
insert into Invoice values('I/247','Ca/006','E/007','P/006','V/547','2023-09-06')
insert into Invoice values('I/248','Ca/008','E/008','P/003','V/548','2023-10-14')
insert into Invoice values('I/249','Ca/008','E/009','P/002','V/549','2023-09-19')
insert into Invoice values('I/250','Ca/010','E/010','P/000','V/550','2023-09-05')
insert into Invoice values('I/251','Ca/010','E/011','P/005','V/551','2023-09-11')
insert into Invoice values('I/252','Ca/012','E/012','P/004','V/552','2023-09-14')
insert into Invoice values('I/253','Ca/012','E/013','P/005','V/553','2023-09-11')
insert into Invoice values('I/254','Ca/014','E/014','P/001','V/554','2023-10-02')
insert into Invoice values('I/255','Ca/014','E/015','P/001','V/555','2023-10-14')
insert into Invoice values('I/256','Ca/016','E/016','P/001','V/556','2023-10-12')
insert into Invoice values('I/257','Ca/016','E/017','P/001','V/557','2023-10-14')
insert into Invoice values('I/258','Ca/018','E/018','P/003','V/558','2023-10-07')
insert into Invoice values('I/259','Ca/018','E/019','P/004','V/559','2023-09-04')
insert into Invoice values('I/260','Ca/000','E/000','P/002','V/560','2023-10-05')
insert into Invoice values('I/261','Ca/000','E/001','P/000','V/561','2023-10-07')
insert into Invoice values('I/262','Ca/002','E/002','P/001','V/562','2023-09-25')
insert into Invoice values('I/263','Ca/002','E/003','P/001','V/563','2023-09-13')
insert into Invoice values('I/264','Ca/004','E/004','P/000','V/564','2023-09-16')
insert into Invoice values('I/265','Ca/004','E/005','P/004','V/565','2023-09-06')
insert into Invoice values('I/266','Ca/006','E/006','P/001','V/566','2023-09-03')
insert into Invoice values('I/267','Ca/006','E/007','P/001','V/567','2023-09-29')
insert into Invoice values('I/268','Ca/008','E/008','P/006','V/568','2023-09-20')
insert into Invoice values('I/269','Ca/008','E/009','P/003','V/569','2023-09-10')
insert into Invoice values('I/270','Ca/010','E/010','P/000','V/570','2023-10-13')
insert into Invoice values('I/271','Ca/010','E/011','P/001','V/571','2023-09-10')
insert into Invoice values('I/272','Ca/012','E/012','P/002','V/572','2023-09-04')
insert into Invoice values('I/273','Ca/012','E/013','P/006','V/573','2023-09-20')
insert into Invoice values('I/274','Ca/014','E/014','P/006','V/574','2023-09-01')
insert into Invoice values('I/275','Ca/014','E/015','P/005','V/575','2023-09-17')
insert into Invoice values('I/276','Ca/016','E/016','P/002','V/576','2023-09-10')
insert into Invoice values('I/277','Ca/016','E/017','P/002','V/577','2023-10-08')
insert into Invoice values('I/278','Ca/018','E/018','P/003','V/578','2023-09-04')
insert into Invoice values('I/279','Ca/018','E/019','P/002','V/579','2023-09-15')
insert into Invoice values('I/280','Ca/000','E/000','P/003','V/580','2023-10-12')
insert into Invoice values('I/281','Ca/000','E/001','P/002','V/581','2023-09-24')
insert into Invoice values('I/282','Ca/002','E/002','P/005','V/582','2023-09-09')
insert into Invoice values('I/283','Ca/002','E/003','P/006','V/583','2023-09-19')
insert into Invoice values('I/284','Ca/004','E/004','P/005','V/584','2023-09-09')
insert into Invoice values('I/285','Ca/004','E/005','P/006','V/585','2023-09-07')
insert into Invoice values('I/286','Ca/006','E/006','P/002','V/586','2023-09-14')
insert into Invoice values('I/287','Ca/006','E/007','P/004','V/587','2023-09-30')
insert into Invoice values('I/288','Ca/008','E/008','P/006','V/588','2023-09-14')
insert into Invoice values('I/289','Ca/008','E/009','P/000','V/589','2023-10-13')
insert into Invoice values('I/290','Ca/010','E/010','P/004','V/590','2023-09-25')
insert into Invoice values('I/291','Ca/010','E/011','P/002','V/591','2023-09-05')
insert into Invoice values('I/292','Ca/012','E/012','P/004','V/592','2023-09-21')
insert into Invoice values('I/293','Ca/012','E/013','P/002','V/593','2023-10-02')
insert into Invoice values('I/294','Ca/014','E/014','P/000','V/594','2023-09-12')
insert into Invoice values('I/295','Ca/014','E/015','P/002','V/595','2023-09-30')
insert into Invoice values('I/296','Ca/016','E/016','P/004','V/596','2023-10-13')
insert into Invoice values('I/297','Ca/016','E/017','P/006','V/597','2023-10-03')
insert into Invoice values('I/298','Ca/018','E/018','P/004','V/598','2023-10-08')
insert into Invoice values('I/299','Ca/018','E/019','P/003','V/599','2023-10-1')


select * from Invoice

--Ticket
insert into Ticket values('T/000','Ca/001','B/000','2023-09-11','2023-09-13','V/000')
insert into Ticket values('T/001','Ca/001','B/001','2023-09-10','2023-09-11','V/001')
insert into Ticket values('T/002','Ca/001','B/002','2023-09-12','2023-09-12','V/002')
insert into Ticket values('T/003','Ca/001','B/003','2023-09-10','2023-09-11','V/003')
insert into Ticket values('T/004','Ca/001','B/004','2023-09-12','2023-09-12','V/004')
insert into Ticket values('T/005','Ca/003','B/005','2023-09-11','2023-09-12','V/005')
insert into Ticket values('T/006','Ca/003','B/006','2023-09-11','2023-09-12','V/006')
insert into Ticket values('T/007','Ca/003','B/007','2023-09-12','2023-09-14','V/007')
insert into Ticket values('T/008','Ca/003','B/008','2023-09-12','2023-09-12','V/008')
insert into Ticket values('T/009','Ca/003','B/009','2023-09-10','2023-09-10','V/009')
insert into Ticket values('T/010','Ca/005','B/010','2023-09-11','2023-09-13','V/010')
insert into Ticket values('T/011','Ca/005','B/011','2023-09-12','2023-09-13','V/011')
insert into Ticket values('T/012','Ca/005','B/012','2023-09-10','2023-09-11','V/012')
insert into Ticket values('T/013','Ca/005','B/013','2023-09-10','2023-09-10','V/013')
insert into Ticket values('T/014','Ca/005','B/014','2023-09-10','2023-09-12','V/014')
insert into Ticket values('T/015','Ca/007','B/015','2023-09-10','2023-09-11','V/015')
insert into Ticket values('T/016','Ca/007','B/016','2023-09-11','2023-09-13','V/016')
insert into Ticket values('T/017','Ca/007','B/017','2023-09-10','2023-09-10','V/017')
insert into Ticket values('T/018','Ca/007','B/018','2023-09-12','2023-09-12','V/018')
insert into Ticket values('T/019','Ca/007','B/019','2023-09-10','2023-09-11','V/019')
insert into Ticket values('T/020','Ca/009','B/020','2023-09-12','2023-09-14','V/020')
insert into Ticket values('T/021','Ca/009','B/021','2023-09-10','2023-09-11','V/021')
insert into Ticket values('T/022','Ca/009','B/022','2023-09-11','2023-09-13','V/022')
insert into Ticket values('T/023','Ca/009','B/023','2023-09-12','2023-09-12','V/023')
insert into Ticket values('T/024','Ca/009','B/024','2023-09-11','2023-09-12','V/024')
insert into Ticket values('T/025','Ca/011','B/025','2023-09-12','2023-09-13','V/025')
insert into Ticket values('T/026','Ca/011','B/026','2023-09-11','2023-09-12','V/026')
insert into Ticket values('T/027','Ca/011','B/027','2023-09-11','2023-09-12','V/027')
insert into Ticket values('T/028','Ca/011','B/028','2023-09-10','2023-09-10','V/028')
insert into Ticket values('T/029','Ca/011','B/029','2023-09-11','2023-09-11','V/029')
insert into Ticket values('T/030','Ca/013','B/030','2023-09-12','2023-09-13','V/030')
insert into Ticket values('T/031','Ca/013','B/031','2023-09-12','2023-09-12','V/031')
insert into Ticket values('T/032','Ca/013','B/032','2023-09-12','2023-09-12','V/032')
insert into Ticket values('T/033','Ca/013','B/033','2023-09-11','2023-09-11','V/033')
insert into Ticket values('T/034','Ca/013','B/034','2023-09-10','2023-09-12','V/034')
insert into Ticket values('T/035','Ca/015','B/035','2023-09-12','2023-09-12','V/035')
insert into Ticket values('T/036','Ca/015','B/036','2023-09-12','2023-09-13','V/036')
insert into Ticket values('T/037','Ca/015','B/037','2023-09-10','2023-09-11','V/037')
insert into Ticket values('T/038','Ca/015','B/038','2023-09-12','2023-09-12','V/038')
insert into Ticket values('T/039','Ca/015','B/039','2023-09-12','2023-09-13','V/039')
insert into Ticket values('T/040','Ca/017','B/040','2023-09-10','2023-09-11','V/040')
insert into Ticket values('T/041','Ca/017','B/041','2023-09-10','2023-09-10','V/041')
insert into Ticket values('T/042','Ca/017','B/042','2023-09-11','2023-09-13','V/042')
insert into Ticket values('T/043','Ca/017','B/043','2023-09-11','2023-09-13','V/043')
insert into Ticket values('T/044','Ca/017','B/044','2023-09-10','2023-09-11','V/044')
insert into Ticket values('T/045','Ca/019','B/045','2023-09-11','2023-09-12','V/045')
insert into Ticket values('T/046','Ca/019','B/046','2023-09-12','2023-09-12','V/046')
insert into Ticket values('T/047','Ca/019','B/047','2023-09-12','2023-09-12','V/047')
insert into Ticket values('T/048','Ca/019','B/048','2023-09-11','2023-09-12','V/048')
insert into Ticket values('T/049','Ca/019','B/049','2023-09-11','2023-09-12','V/049')
insert into Ticket values('T/050','Ca/001','B/050','2023-09-10','2023-09-10','V/050')
insert into Ticket values('T/051','Ca/001','B/051','2023-09-10','2023-09-10','V/051')
insert into Ticket values('T/052','Ca/001','B/052','2023-09-10','2023-09-11','V/052')
insert into Ticket values('T/053','Ca/001','B/053','2023-09-10','2023-09-11','V/053')
insert into Ticket values('T/054','Ca/001','B/054','2023-09-12','2023-09-14','V/054')
insert into Ticket values('T/055','Ca/003','B/055','2023-09-10','2023-09-11','V/055')
insert into Ticket values('T/056','Ca/003','B/056','2023-09-11','2023-09-11','V/056')
insert into Ticket values('T/057','Ca/003','B/057','2023-09-12','2023-09-13','V/057')
insert into Ticket values('T/058','Ca/003','B/058','2023-09-11','2023-09-12','V/058')
insert into Ticket values('T/059','Ca/003','B/059','2023-09-10','2023-09-10','V/059')
insert into Ticket values('T/060','Ca/005','B/060','2023-09-10','2023-09-11','V/060')
insert into Ticket values('T/061','Ca/005','B/061','2023-09-11','2023-09-12','V/061')
insert into Ticket values('T/062','Ca/005','B/062','2023-09-11','2023-09-13','V/062')
insert into Ticket values('T/063','Ca/005','B/063','2023-09-11','2023-09-12','V/063')
insert into Ticket values('T/064','Ca/005','B/064','2023-09-12','2023-09-13','V/064')
insert into Ticket values('T/065','Ca/007','B/065','2023-09-10','2023-09-10','V/065')
insert into Ticket values('T/066','Ca/007','B/066','2023-09-12','2023-09-12','V/066')
insert into Ticket values('T/067','Ca/007','B/067','2023-09-10','2023-09-12','V/067')
insert into Ticket values('T/068','Ca/007','B/068','2023-09-11','2023-09-12','V/068')
insert into Ticket values('T/069','Ca/007','B/069','2023-09-10','2023-09-12','V/069')
insert into Ticket values('T/070','Ca/009','B/070','2023-09-11','2023-09-13','V/070')
insert into Ticket values('T/071','Ca/009','B/071','2023-09-12','2023-09-12','V/071')
insert into Ticket values('T/072','Ca/009','B/072','2023-09-10','2023-09-11','V/072')
insert into Ticket values('T/073','Ca/009','B/073','2023-09-10','2023-09-10','V/073')
insert into Ticket values('T/074','Ca/009','B/074','2023-09-10','2023-09-11','V/074')
insert into Ticket values('T/075','Ca/011','B/075','2023-09-10','2023-09-12','V/075')
insert into Ticket values('T/076','Ca/011','B/076','2023-09-12','2023-09-14','V/076')
insert into Ticket values('T/077','Ca/011','B/077','2023-09-12','2023-09-14','V/077')
insert into Ticket values('T/078','Ca/011','B/078','2023-09-12','2023-09-12','V/078')
insert into Ticket values('T/079','Ca/011','B/079','2023-09-10','2023-09-11','V/079')
insert into Ticket values('T/080','Ca/013','B/080','2023-09-12','2023-09-14','V/080')
insert into Ticket values('T/081','Ca/013','B/081','2023-09-10','2023-09-11','V/081')
insert into Ticket values('T/082','Ca/013','B/082','2023-09-10','2023-09-10','V/082')
insert into Ticket values('T/083','Ca/013','B/083','2023-09-11','2023-09-13','V/083')
insert into Ticket values('T/084','Ca/013','B/084','2023-09-12','2023-09-13','V/084')
insert into Ticket values('T/085','Ca/015','B/085','2023-09-11','2023-09-13','V/085')
insert into Ticket values('T/086','Ca/015','B/086','2023-09-11','2023-09-12','V/086')
insert into Ticket values('T/087','Ca/015','B/087','2023-09-12','2023-09-14','V/087')
insert into Ticket values('T/088','Ca/015','B/088','2023-09-10','2023-09-10','V/088')
insert into Ticket values('T/089','Ca/015','B/089','2023-09-10','2023-09-11','V/089')
insert into Ticket values('T/090','Ca/017','B/090','2023-09-10','2023-09-10','V/090')
insert into Ticket values('T/091','Ca/017','B/091','2023-09-11','2023-09-12','V/091')
insert into Ticket values('T/092','Ca/017','B/092','2023-09-10','2023-09-10','V/092')
insert into Ticket values('T/093','Ca/017','B/093','2023-09-12','2023-09-12','V/093')
insert into Ticket values('T/094','Ca/017','B/094','2023-09-10','2023-09-12','V/094')
insert into Ticket values('T/095','Ca/019','B/095','2023-09-12','2023-09-12','V/095')
insert into Ticket values('T/096','Ca/019','B/096','2023-09-11','2023-09-11','V/096')
insert into Ticket values('T/097','Ca/019','B/097','2023-09-11','2023-09-11','V/097')
insert into Ticket values('T/098','Ca/019','B/098','2023-09-12','2023-09-14','V/098')
insert into Ticket values('T/099','Ca/019','B/099','2023-09-10','2023-09-12','V/099')
insert into Ticket values('T/100','Ca/001','B/000','2023-09-14','2023-09-15','V/100')
insert into Ticket values('T/101','Ca/001','B/001','2023-09-15','2023-09-17','V/101')
insert into Ticket values('T/102','Ca/001','B/002','2023-09-15','2023-09-17','V/102')
insert into Ticket values('T/103','Ca/001','B/003','2023-09-14','2023-09-16','V/103')
insert into Ticket values('T/104','Ca/001','B/004','2023-09-14','2023-09-16','V/104')
insert into Ticket values('T/105','Ca/003','B/005','2023-09-14','2023-09-14','V/105')
insert into Ticket values('T/106','Ca/003','B/006','2023-09-14','2023-09-16','V/106')
insert into Ticket values('T/107','Ca/003','B/007','2023-09-14','2023-09-15','V/107')
insert into Ticket values('T/108','Ca/003','B/008','2023-09-14','2023-09-16','V/108')
insert into Ticket values('T/109','Ca/003','B/009','2023-09-14','2023-09-16','V/109')
insert into Ticket values('T/110','Ca/005','B/010','2023-09-14','2023-09-16','V/110')
insert into Ticket values('T/111','Ca/005','B/011','2023-09-14','2023-09-14','V/111')
insert into Ticket values('T/112','Ca/005','B/012','2023-09-15','2023-09-15','V/112')
insert into Ticket values('T/113','Ca/005','B/013','2023-09-15','2023-09-15','V/113')
insert into Ticket values('T/114','Ca/005','B/014','2023-09-15','2023-09-17','V/114')
insert into Ticket values('T/115','Ca/007','B/015','2023-09-14','2023-09-14','V/115')
insert into Ticket values('T/116','Ca/007','B/016','2023-09-15','2023-09-15','V/116')
insert into Ticket values('T/117','Ca/007','B/017','2023-09-15','2023-09-17','V/117')
insert into Ticket values('T/118','Ca/007','B/018','2023-09-14','2023-09-14','V/118')
insert into Ticket values('T/119','Ca/007','B/019','2023-09-15','2023-09-17','V/119')
insert into Ticket values('T/120','Ca/009','B/020','2023-09-14','2023-09-16','V/120')
insert into Ticket values('T/121','Ca/009','B/021','2023-09-14','2023-09-14','V/121')
insert into Ticket values('T/122','Ca/009','B/022','2023-09-15','2023-09-17','V/122')
insert into Ticket values('T/123','Ca/009','B/023','2023-09-15','2023-09-17','V/123')
insert into Ticket values('T/124','Ca/009','B/024','2023-09-14','2023-09-14','V/124')
insert into Ticket values('T/125','Ca/011','B/025','2023-09-14','2023-09-14','V/125')
insert into Ticket values('T/126','Ca/011','B/026','2023-09-15','2023-09-15','V/126')
insert into Ticket values('T/127','Ca/011','B/027','2023-09-14','2023-09-14','V/127')
insert into Ticket values('T/128','Ca/011','B/028','2023-09-15','2023-09-16','V/128')
insert into Ticket values('T/129','Ca/011','B/029','2023-09-15','2023-09-17','V/129')
insert into Ticket values('T/130','Ca/013','B/030','2023-09-14','2023-09-15','V/130')
insert into Ticket values('T/131','Ca/013','B/031','2023-09-14','2023-09-15','V/131')
insert into Ticket values('T/132','Ca/013','B/032','2023-09-14','2023-09-15','V/132')
insert into Ticket values('T/133','Ca/013','B/033','2023-09-14','2023-09-15','V/133')
insert into Ticket values('T/134','Ca/013','B/034','2023-09-14','2023-09-15','V/134')
insert into Ticket values('T/135','Ca/015','B/035','2023-09-15','2023-09-16','V/135')
insert into Ticket values('T/136','Ca/015','B/036','2023-09-15','2023-09-16','V/136')
insert into Ticket values('T/137','Ca/015','B/037','2023-09-14','2023-09-14','V/137')
insert into Ticket values('T/138','Ca/015','B/038','2023-09-15','2023-09-17','V/138')
insert into Ticket values('T/139','Ca/015','B/039','2023-09-15','2023-09-15','V/139')
insert into Ticket values('T/140','Ca/017','B/040','2023-09-14','2023-09-16','V/140')
insert into Ticket values('T/141','Ca/017','B/041','2023-09-15','2023-09-15','V/141')
insert into Ticket values('T/142','Ca/017','B/042','2023-09-14','2023-09-14','V/142')
insert into Ticket values('T/143','Ca/017','B/043','2023-09-14','2023-09-14','V/143')
insert into Ticket values('T/144','Ca/017','B/044','2023-09-14','2023-09-16','V/144')
insert into Ticket values('T/145','Ca/019','B/045','2023-09-14','2023-09-14','V/145')
insert into Ticket values('T/146','Ca/019','B/046','2023-09-15','2023-09-17','V/146')
insert into Ticket values('T/147','Ca/019','B/047','2023-09-15','2023-09-16','V/147')
insert into Ticket values('T/148','Ca/019','B/048','2023-09-15','2023-09-17','V/148')
insert into Ticket values('T/149','Ca/019','B/049','2023-09-15','2023-09-17','V/149')
insert into Ticket values('T/150','Ca/001','B/050','2023-09-15','2023-09-16','V/150')
insert into Ticket values('T/151','Ca/001','B/051','2023-09-15','2023-09-17','V/151')
insert into Ticket values('T/152','Ca/001','B/052','2023-09-15','2023-09-17','V/152')
insert into Ticket values('T/153','Ca/001','B/053','2023-09-14','2023-09-14','V/153')
insert into Ticket values('T/154','Ca/001','B/054','2023-09-14','2023-09-15','V/154')
insert into Ticket values('T/155','Ca/003','B/055','2023-09-14','2023-09-16','V/155')
insert into Ticket values('T/156','Ca/003','B/056','2023-09-14','2023-09-15','V/156')
insert into Ticket values('T/157','Ca/003','B/057','2023-09-14','2023-09-14','V/157')
insert into Ticket values('T/158','Ca/003','B/058','2023-09-14','2023-09-15','V/158')
insert into Ticket values('T/159','Ca/003','B/059','2023-09-15','2023-09-16','V/159')
insert into Ticket values('T/160','Ca/005','B/060','2023-09-14','2023-09-16','V/160')
insert into Ticket values('T/161','Ca/005','B/061','2023-09-15','2023-09-17','V/161')
insert into Ticket values('T/162','Ca/005','B/062','2023-09-14','2023-09-16','V/162')
insert into Ticket values('T/163','Ca/005','B/063','2023-09-15','2023-09-16','V/163')
insert into Ticket values('T/164','Ca/005','B/064','2023-09-15','2023-09-17','V/164')
insert into Ticket values('T/165','Ca/007','B/065','2023-09-14','2023-09-16','V/165')
insert into Ticket values('T/166','Ca/007','B/066','2023-09-15','2023-09-16','V/166')
insert into Ticket values('T/167','Ca/007','B/067','2023-09-14','2023-09-16','V/167')
insert into Ticket values('T/168','Ca/007','B/068','2023-09-15','2023-09-16','V/168')
insert into Ticket values('T/169','Ca/007','B/069','2023-09-15','2023-09-15','V/169')
insert into Ticket values('T/170','Ca/009','B/070','2023-09-14','2023-09-15','V/170')
insert into Ticket values('T/171','Ca/009','B/071','2023-09-14','2023-09-15','V/171')
insert into Ticket values('T/172','Ca/009','B/072','2023-09-15','2023-09-17','V/172')
insert into Ticket values('T/173','Ca/009','B/073','2023-09-14','2023-09-14','V/173')
insert into Ticket values('T/174','Ca/009','B/074','2023-09-15','2023-09-15','V/174')
insert into Ticket values('T/175','Ca/011','B/075','2023-09-15','2023-09-17','V/175')
insert into Ticket values('T/176','Ca/011','B/076','2023-09-14','2023-09-15','V/176')
insert into Ticket values('T/177','Ca/011','B/077','2023-09-15','2023-09-16','V/177')
insert into Ticket values('T/178','Ca/011','B/078','2023-09-14','2023-09-16','V/178')
insert into Ticket values('T/179','Ca/011','B/079','2023-09-15','2023-09-15','V/179')
insert into Ticket values('T/180','Ca/013','B/080','2023-09-14','2023-09-15','V/180')
insert into Ticket values('T/181','Ca/013','B/081','2023-09-15','2023-09-15','V/181')
insert into Ticket values('T/182','Ca/013','B/082','2023-09-14','2023-09-14','V/182')
insert into Ticket values('T/183','Ca/013','B/083','2023-09-15','2023-09-17','V/183')
insert into Ticket values('T/184','Ca/013','B/084','2023-09-14','2023-09-15','V/184')
insert into Ticket values('T/185','Ca/015','B/085','2023-09-15','2023-09-16','V/185')
insert into Ticket values('T/186','Ca/015','B/086','2023-09-14','2023-09-14','V/186')
insert into Ticket values('T/187','Ca/015','B/087','2023-09-15','2023-09-15','V/187')
insert into Ticket values('T/188','Ca/015','B/088','2023-09-15','2023-09-17','V/188')
insert into Ticket values('T/189','Ca/015','B/089','2023-09-15','2023-09-16','V/189')
insert into Ticket values('T/190','Ca/017','B/090','2023-09-15','2023-09-15','V/190')
insert into Ticket values('T/191','Ca/017','B/091','2023-09-15','2023-09-16','V/191')
insert into Ticket values('T/192','Ca/017','B/092','2023-09-15','2023-09-16','V/192')
insert into Ticket values('T/193','Ca/017','B/093','2023-09-15','2023-09-17','V/193')
insert into Ticket values('T/194','Ca/017','B/094','2023-09-14','2023-09-16','V/194')
insert into Ticket values('T/195','Ca/019','B/095','2023-09-15','2023-09-16','V/195')
insert into Ticket values('T/196','Ca/019','B/096','2023-09-14','2023-09-14','V/196')
insert into Ticket values('T/197','Ca/019','B/097','2023-09-14','2023-09-15','V/197')
insert into Ticket values('T/198','Ca/019','B/098','2023-09-15','2023-09-17','V/198')
insert into Ticket values('T/199','Ca/019','B/099','2023-09-15','2023-09-15','V/199')
insert into Ticket values('T/200','Ca/001','B/000','2023-09-18','2023-09-20','V/200')
insert into Ticket values('T/201','Ca/001','B/001','2023-09-18','2023-09-18','V/201')
insert into Ticket values('T/202','Ca/001','B/002','2023-09-17','2023-09-18','V/202')
insert into Ticket values('T/203','Ca/001','B/003','2023-09-19','2023-09-20','V/203')
insert into Ticket values('T/204','Ca/001','B/004','2023-09-17','2023-09-17','V/204')
insert into Ticket values('T/205','Ca/003','B/005','2023-09-17','2023-09-17','V/205')
insert into Ticket values('T/206','Ca/003','B/006','2023-09-18','2023-09-20','V/206')
insert into Ticket values('T/207','Ca/003','B/007','2023-09-18','2023-09-18','V/207')
insert into Ticket values('T/208','Ca/003','B/008','2023-09-19','2023-09-20','V/208')
insert into Ticket values('T/209','Ca/003','B/009','2023-09-19','2023-09-20','V/209')
insert into Ticket values('T/210','Ca/005','B/010','2023-09-18','2023-09-18','V/210')
insert into Ticket values('T/211','Ca/005','B/011','2023-09-19','2023-09-20','V/211')
insert into Ticket values('T/212','Ca/005','B/012','2023-09-18','2023-09-19','V/212')
insert into Ticket values('T/213','Ca/005','B/013','2023-09-17','2023-09-19','V/213')
insert into Ticket values('T/214','Ca/005','B/014','2023-09-19','2023-09-19','V/214')
insert into Ticket values('T/215','Ca/007','B/015','2023-09-19','2023-09-21','V/215')
insert into Ticket values('T/216','Ca/007','B/016','2023-09-17','2023-09-18','V/216')
insert into Ticket values('T/217','Ca/007','B/017','2023-09-17','2023-09-18','V/217')
insert into Ticket values('T/218','Ca/007','B/018','2023-09-17','2023-09-17','V/218')
insert into Ticket values('T/219','Ca/007','B/019','2023-09-18','2023-09-18','V/219')
insert into Ticket values('T/220','Ca/009','B/020','2023-09-19','2023-09-20','V/220')
insert into Ticket values('T/221','Ca/009','B/021','2023-09-18','2023-09-18','V/221')
insert into Ticket values('T/222','Ca/009','B/022','2023-09-17','2023-09-17','V/222')
insert into Ticket values('T/223','Ca/009','B/023','2023-09-19','2023-09-21','V/223')
insert into Ticket values('T/224','Ca/009','B/024','2023-09-19','2023-09-19','V/224')
insert into Ticket values('T/225','Ca/011','B/025','2023-09-17','2023-09-18','V/225')
insert into Ticket values('T/226','Ca/011','B/026','2023-09-17','2023-09-17','V/226')
insert into Ticket values('T/227','Ca/011','B/027','2023-09-19','2023-09-20','V/227')
insert into Ticket values('T/228','Ca/011','B/028','2023-09-19','2023-09-21','V/228')
insert into Ticket values('T/229','Ca/011','B/029','2023-09-18','2023-09-20','V/229')
insert into Ticket values('T/230','Ca/013','B/030','2023-09-18','2023-09-19','V/230')
insert into Ticket values('T/231','Ca/013','B/031','2023-09-19','2023-09-20','V/231')
insert into Ticket values('T/232','Ca/013','B/032','2023-09-17','2023-09-18','V/232')
insert into Ticket values('T/233','Ca/013','B/033','2023-09-19','2023-09-20','V/233')
insert into Ticket values('T/234','Ca/013','B/034','2023-09-18','2023-09-19','V/234')
insert into Ticket values('T/235','Ca/015','B/035','2023-09-17','2023-09-18','V/235')
insert into Ticket values('T/236','Ca/015','B/036','2023-09-19','2023-09-20','V/236')
insert into Ticket values('T/237','Ca/015','B/037','2023-09-17','2023-09-17','V/237')
insert into Ticket values('T/238','Ca/015','B/038','2023-09-17','2023-09-18','V/238')
insert into Ticket values('T/239','Ca/015','B/039','2023-09-18','2023-09-20','V/239')
insert into Ticket values('T/240','Ca/017','B/040','2023-09-18','2023-09-19','V/240')
insert into Ticket values('T/241','Ca/017','B/041','2023-09-17','2023-09-18','V/241')
insert into Ticket values('T/242','Ca/017','B/042','2023-09-19','2023-09-19','V/242')
insert into Ticket values('T/243','Ca/017','B/043','2023-09-19','2023-09-19','V/243')
insert into Ticket values('T/244','Ca/017','B/044','2023-09-18','2023-09-18','V/244')
insert into Ticket values('T/245','Ca/019','B/045','2023-09-17','2023-09-17','V/245')
insert into Ticket values('T/246','Ca/019','B/046','2023-09-18','2023-09-20','V/246')
insert into Ticket values('T/247','Ca/019','B/047','2023-09-18','2023-09-18','V/247')
insert into Ticket values('T/248','Ca/019','B/048','2023-09-18','2023-09-19','V/248')
insert into Ticket values('T/249','Ca/019','B/049','2023-09-18','2023-09-19','V/249')
insert into Ticket values('T/250','Ca/001','B/050','2023-09-19','2023-09-21','V/250')
insert into Ticket values('T/251','Ca/001','B/051','2023-09-17','2023-09-17','V/251')
insert into Ticket values('T/252','Ca/001','B/052','2023-09-18','2023-09-20','V/252')
insert into Ticket values('T/253','Ca/001','B/053','2023-09-17','2023-09-18','V/253')
insert into Ticket values('T/254','Ca/001','B/054','2023-09-19','2023-09-21','V/254')
insert into Ticket values('T/255','Ca/003','B/055','2023-09-18','2023-09-18','V/255')
insert into Ticket values('T/256','Ca/003','B/056','2023-09-17','2023-09-19','V/256')
insert into Ticket values('T/257','Ca/003','B/057','2023-09-19','2023-09-21','V/257')
insert into Ticket values('T/258','Ca/003','B/058','2023-09-19','2023-09-20','V/258')
insert into Ticket values('T/259','Ca/003','B/059','2023-09-18','2023-09-20','V/259')
insert into Ticket values('T/260','Ca/005','B/060','2023-09-18','2023-09-19','V/260')
insert into Ticket values('T/261','Ca/005','B/061','2023-09-18','2023-09-19','V/261')
insert into Ticket values('T/262','Ca/005','B/062','2023-09-19','2023-09-21','V/262')
insert into Ticket values('T/263','Ca/005','B/063','2023-09-19','2023-09-20','V/263')
insert into Ticket values('T/264','Ca/005','B/064','2023-09-17','2023-09-19','V/264')
insert into Ticket values('T/265','Ca/007','B/065','2023-09-18','2023-09-19','V/265')
insert into Ticket values('T/266','Ca/007','B/066','2023-09-18','2023-09-19','V/266')
insert into Ticket values('T/267','Ca/007','B/067','2023-09-18','2023-09-18','V/267')
insert into Ticket values('T/268','Ca/007','B/068','2023-09-19','2023-09-19','V/268')
insert into Ticket values('T/269','Ca/007','B/069','2023-09-18','2023-09-20','V/269')
insert into Ticket values('T/270','Ca/009','B/070','2023-09-18','2023-09-18','V/270')
insert into Ticket values('T/271','Ca/009','B/071','2023-09-18','2023-09-20','V/271')
insert into Ticket values('T/272','Ca/009','B/072','2023-09-19','2023-09-19','V/272')
insert into Ticket values('T/273','Ca/009','B/073','2023-09-17','2023-09-17','V/273')
insert into Ticket values('T/274','Ca/009','B/074','2023-09-19','2023-09-19','V/274')
insert into Ticket values('T/275','Ca/011','B/075','2023-09-19','2023-09-20','V/275')
insert into Ticket values('T/276','Ca/011','B/076','2023-09-19','2023-09-21','V/276')
insert into Ticket values('T/277','Ca/011','B/077','2023-09-19','2023-09-21','V/277')
insert into Ticket values('T/278','Ca/011','B/078','2023-09-17','2023-09-18','V/278')
insert into Ticket values('T/279','Ca/011','B/079','2023-09-17','2023-09-18','V/279')
insert into Ticket values('T/280','Ca/013','B/080','2023-09-19','2023-09-21','V/280')
insert into Ticket values('T/281','Ca/013','B/081','2023-09-18','2023-09-18','V/281')
insert into Ticket values('T/282','Ca/013','B/082','2023-09-18','2023-09-19','V/282')
insert into Ticket values('T/283','Ca/013','B/083','2023-09-18','2023-09-20','V/283')
insert into Ticket values('T/284','Ca/013','B/084','2023-09-18','2023-09-18','V/284')
insert into Ticket values('T/285','Ca/015','B/085','2023-09-18','2023-09-20','V/285')
insert into Ticket values('T/286','Ca/015','B/086','2023-09-19','2023-09-20','V/286')
insert into Ticket values('T/287','Ca/015','B/087','2023-09-19','2023-09-21','V/287')
insert into Ticket values('T/288','Ca/015','B/088','2023-09-19','2023-09-21','V/288')
insert into Ticket values('T/289','Ca/015','B/089','2023-09-19','2023-09-19','V/289')
insert into Ticket values('T/290','Ca/017','B/090','2023-09-17','2023-09-18','V/290')
insert into Ticket values('T/291','Ca/017','B/091','2023-09-18','2023-09-19','V/291')
insert into Ticket values('T/292','Ca/017','B/092','2023-09-18','2023-09-19','V/292')
insert into Ticket values('T/293','Ca/017','B/093','2023-09-18','2023-09-18','V/293')
insert into Ticket values('T/294','Ca/017','B/094','2023-09-17','2023-09-18','V/294')
insert into Ticket values('T/295','Ca/019','B/095','2023-09-18','2023-09-20','V/295')
insert into Ticket values('T/296','Ca/019','B/096','2023-09-17','2023-09-17','V/296')
insert into Ticket values('T/297','Ca/019','B/097','2023-09-18','2023-09-19','V/297')
insert into Ticket values('T/298','Ca/019','B/098','2023-09-19','2023-09-21','V/298')
insert into Ticket values('T/299','Ca/019','B/099','2023-09-17','2023-09-17','V/299')

select * from Ticket

--Parking

insert into Parking values('V/600','2023-10-15','B/000')
insert into Parking values('V/601','2023-10-12','B/002')
insert into Parking values('V/602','2023-10-11','B/004')
insert into Parking values('V/603','2023-10-12','B/006')
insert into Parking values('V/604','2023-10-12','B/008')
insert into Parking values('V/605','2023-10-13','B/010')
insert into Parking values('V/606','2023-10-12','B/012')
insert into Parking values('V/607','2023-10-13','B/014')
insert into Parking values('V/608','2023-10-15','B/016')
insert into Parking values('V/609','2023-10-14','B/018')
insert into Parking values('V/610','2023-10-13','B/020')
insert into Parking values('V/611','2023-10-10','B/022')
insert into Parking values('V/612','2023-10-10','B/024')
insert into Parking values('V/613','2023-10-13','B/026')
insert into Parking values('V/614','2023-10-10','B/028')
insert into Parking values('V/615','2023-10-12','B/030')
insert into Parking values('V/616','2023-10-10','B/032')
insert into Parking values('V/617','2023-10-10','B/034')
insert into Parking values('V/618','2023-10-15','B/036')
insert into Parking values('V/619','2023-10-11','B/038')
insert into Parking values('V/620','2023-10-11','B/040')
insert into Parking values('V/621','2023-10-13','B/042')
insert into Parking values('V/622','2023-10-14','B/044')
insert into Parking values('V/623','2023-10-15','B/046')
insert into Parking values('V/624','2023-10-11','B/048')
insert into Parking values('V/625','2023-10-12','B/050')
insert into Parking values('V/626','2023-10-12','B/052')
insert into Parking values('V/627','2023-10-13','B/054')
insert into Parking values('V/628','2023-10-14','B/056')
insert into Parking values('V/629','2023-10-10','B/058')
insert into Parking values('V/630','2023-10-11','B/060')
insert into Parking values('V/631','2023-10-10','B/062')
insert into Parking values('V/632','2023-10-14','B/064')
insert into Parking values('V/633','2023-10-12','B/066')
insert into Parking values('V/634','2023-10-15','B/068')
insert into Parking values('V/635','2023-10-13','B/070')
insert into Parking values('V/636','2023-10-12','B/072')
insert into Parking values('V/637','2023-10-10','B/074')
insert into Parking values('V/638','2023-10-11','B/076')
insert into Parking values('V/639','2023-10-15','B/078')
insert into Parking values('V/640','2023-10-15','B/080')
insert into Parking values('V/641','2023-10-11','B/082')
insert into Parking values('V/642','2023-10-11','B/084')
insert into Parking values('V/643','2023-10-10','B/086')
insert into Parking values('V/644','2023-10-10','B/088')
insert into Parking values('V/645','2023-10-15','B/090')
insert into Parking values('V/646','2023-10-11','B/092')
insert into Parking values('V/647','2023-10-10','B/094')
insert into Parking values('V/648','2023-10-14','B/096')
insert into Parking values('V/649','2023-10-10','B/098')

select * from Parking

